﻿<?xml version="1.0"?>
<doc>
<assembly>
<name>
graphR
</name>
</assembly>
<members>
<member name="M:graphR.MsgFile.open(System.Object,SMRUCC.Rsharp.Runtime.Environment)">
 <summary>
 open a message pack graph database file or 
 create a new empty graph database object.
 </summary>
 <param name="file"></param>
 <param name="env"></param>
 <returns></returns>
</member>
<member name="M:graphR.MsgFile.save(graphQL.GraphPool,System.Object,SMRUCC.Rsharp.Runtime.Environment)">
 <summary>
 save a graph database result into a file 
 in messagepack format.
 </summary>
 <param name="kb"></param>
 <param name="file"></param>
 <param name="env"></param>
 <returns></returns>
</member>
<member name="M:graphR.Query.insert(graphQL.GraphPool,System.String,SMRUCC.Rsharp.Runtime.Internal.Object.list,SMRUCC.Rsharp.Runtime.Environment)">
 <summary>
 insert a knowledge node into the graph pool
 </summary>
 <param name="knowledge"></param>
 <param name="meta"></param>
 <param name="env"></param>
 <returns></returns>
</member>
<member name="M:graphR.Query.getKnowledge(graphQL.GraphPool,System.String,System.Double)">
 <summary>
 query knowledge data for a given term
 </summary>
 <param name="kb"></param>
 <param name="term"></param>
 <param name="cutoff"></param>
 <returns></returns>
</member>
<member name="M:graphR.Query.isEquals(graphQL.GraphPool,System.String,System.String,SMRUCC.Rsharp.Runtime.Internal.Object.list,SMRUCC.Rsharp.Runtime.Environment)">
 <summary>
 measure the similarity or identical between two knowledge terms.
 </summary>
 <param name="kb"></param>
 <param name="x"></param>
 <param name="y"></param>
 <param name="weight"></param>
 <param name="env"></param>
 <returns></returns>
</member>
</members>
</doc>
