﻿<?xml version="1.0"?>
<doc>
<assembly>
<name>
graphQL
</name>
</assembly>
<members>
<member name="M:graphQL.GraphPool.AddKnowledge(System.String,System.Collections.Generic.Dictionary{System.String,System.String[]})">
 <summary>
 
 </summary>
 <param name="knowledge">term</param>
 <param name="meta">
 another knowledge data that associated 
 with the given <paramref name="knowledge"/> 
 term.
 </param>
</member>
<member name="T:graphQL.Knowledge">
 <summary>
 A knowledge node in this graph database
 </summary>
</member>
<member name="P:graphQL.Association.type">
 <summary>
 the meta data key name
 </summary>
 <returns></returns>
</member>
</members>
</doc>
