﻿<?xml version="1.0"?>
<doc>
<assembly>
<name>
Microsoft.VisualBasic.Data.BinaryData
</name>
</assembly>
<members>
<member name="T:Microsoft.VisualBasic.Data.IO.BitSet">
 <summary>
 A replacement for BitArray.(BitSet in java)
 </summary>
 <remarks>
 https://stackoverflow.com/questions/14035687/what-is-the-c-sharp-equivalent-of-bitset-of-java#
 </remarks>
</member>
<member name="M:Microsoft.VisualBasic.Data.IO.BitSet.#ctor(System.Int32)">
 <summary>
 create bits vector data from a given 32 bits integer
 </summary>
 <param name="v"></param>
</member>
<member name="M:Microsoft.VisualBasic.Data.IO.BitSet.Duplicate">
 <summary>
 Not part of ICloneable, but better - returns a strongly-typed result
 </summary>
 <returns></returns>
 
</member>
<member name="M:Microsoft.VisualBasic.Data.IO.BitSet.ToString">
 <summary>
 <see cref="M:Microsoft.VisualBasic.Data.IO.BitSet.ToBinaryString(System.Char,System.Char)"/>
 </summary>
 <returns></returns>
</member>
<member name="M:Microsoft.VisualBasic.Data.IO.BitSet.FromBinaryString(System.String,System.Char[])">
 <summary>
 
 </summary>
 <param name="bin"></param>
 <param name="true">The chars in this collection means <see cref="T:System.Boolean"/></param>
 <returns></returns>
</member>
<member name="M:Microsoft.VisualBasic.Data.IO.BitSet.SetBits(System.Collections.Generic.ICollection{System.Boolean},System.Int32,System.Int32,System.Int32,System.Boolean)">
 <summary>
 
 </summary>
 <param name="bits"></param>
 <param name="destStartBit"></param>
 <param name="srcStartBit"></param>
 <param name="numBits">
 negative value means set all <paramref name="bits"/>.
 </param>
 <param name="allowExtend"></param>
 <returns></returns>
</member>
<member name="M:Microsoft.VisualBasic.Data.IO.BitSet.ToInteger">
 <summary>
 create a 32 bit integer
 </summary>
 <returns></returns>
</member>
<member name="M:Microsoft.VisualBasic.Data.IO.BitSet.ToInteger(System.Int32,System.Int32)">
 <summary>
 bits to integer
 </summary>
 <param name="start"></param>
 <param name="length"></param>
 <returns></returns>
</member>
<member name="T:Microsoft.VisualBasic.Data.IO.Bzip2.BZip2BitInputStream">
 <summary>
 Implements a bit-wise input stream
 </summary>
</member>
<member name="M:Microsoft.VisualBasic.Data.IO.Bzip2.BZip2BitInputStream.#ctor(System.IO.Stream)">
 <summary>Public constructor</summary>
 <param name="inputStream">The input stream to wrap</param>
</member>
<member name="M:Microsoft.VisualBasic.Data.IO.Bzip2.BZip2BitInputStream.ReadBoolean">
 <summary>Reads a single bit from the wrapped input stream</summary>
 <return>true if the bit read was 1, otherwise false</return>
 <exception cref="T:System.Exception">if no more bits are available in the input stream</exception>
</member>
<member name="M:Microsoft.VisualBasic.Data.IO.Bzip2.BZip2BitInputStream.ReadUnary">
 <summary>Reads a zero-terminated unary number from the wrapped input stream</summary>
 <return>The unary number</return>
 <exception cref="T:System.Exception">if no more bits are available in the input stream</exception>
</member>
<member name="M:Microsoft.VisualBasic.Data.IO.Bzip2.BZip2BitInputStream.ReadBits(System.Int32)">
 <summary>Reads up to 32 bits from the wrapped input stream</summary>
 <param name="count">The number of bits to read (maximum 32)</param>
 <return>The bits requested, right-aligned within the integer</return>
 <exception cref="T:System.Exception">if no more bits are available in the input stream</exception>
</member>
<member name="T:Microsoft.VisualBasic.Data.IO.Bzip2.BZip2BitOutputStream">
 <summary>Implements a bit-wise output stream</summary>
 <remarks>
 Allows the writing of single bit booleans, unary numbers, bit
 strings of arbitrary length(up to 24 bits), and bit aligned 32-bit integers.A single byte at a
 time is written to the wrapped stream when sufficient bits have been accumulated
 </remarks>
</member>
<member name="T:Microsoft.VisualBasic.Data.IO.Bzip2.BZip2BlockCompressor">
 <summary>Compresses and writes a single BZip2 block</summary>
 <remarks>
 Block encoding consists of the following stages:
 1. Run-Length Encoding[1] - write()
 2. Burrows Wheeler Transform - close() (through BZip2DivSufSort)
 3. Write block header - close()
 4. Move To Front Transform - close() (through BZip2HuffmanStageEncoder)
 5. Run-Length Encoding[2] - close()  (through BZip2HuffmanStageEncoder)
 6. Create and write Huffman tables - close() (through BZip2HuffmanStageEncoder)
 7. Huffman encode and write data - close() (through BZip2HuffmanStageEncoder)
 </remarks>
</member>
<member name="T:Microsoft.VisualBasic.Data.IO.Bzip2.BZip2BlockDecompressor">
 <summary> Reads and decompresses a single BZip2 block </summary>
 <remarks>
 Block decoding consists of the following stages:
 1. Read block header - BZip2BlockDecompressor()
 2. Read Huffman tables - readHuffmanTables()
 3. Read and decode Huffman encoded data - decodeHuffmanData()
 4. Run-Length Decoding[2] - decodeHuffmanData()
 5. Inverse Move To Front Transform - decodeHuffmanData()
 6. Inverse Burrows Wheeler Transform - initialiseInverseBWT()
 7. Run-Length Decoding[1] - read()
 8. Optional Block De-Randomisation - read() (through decodeNextBWTByte())
 </remarks>
</member>
<member name="T:Microsoft.VisualBasic.Data.IO.Bzip2.BZip2DivSufSort">
 <summary>
 DivSufSort suffix array generator
 Based on libdivsufsort 1.2.3 patched to support BZip2
 </summary>
 <remarks>
 This is a simple conversion of the original C with two minor bugfixes applied(see "BUGFIX"
 comments within the class). Documentation within the class is largely absent.
 </remarks>
</member>
<member name="T:Microsoft.VisualBasic.Data.IO.Bzip2.BZip2HuffmanStageDecoder">
 <summary>
 A decoder for the BZip2 Huffman coding stage
 </summary>
</member>
<member name="T:Microsoft.VisualBasic.Data.IO.Bzip2.BZip2HuffmanStageEncoder">
 <summary>
 An encoder for the BZip2 Huffman encoding stage
 </summary>	 
</member>
<member name="T:Microsoft.VisualBasic.Data.IO.Bzip2.BZip2MTFAndRLE2StageEncoder">
 <summary>An encoder for the BZip2 Move To Front Transform and Run-Length Encoding[2] stages</summary>
 <remarks>
 An encoder for the BZip2 Move To Front Transform and Run-Length Encoding[2] stages.
 Although conceptually these two stages are separate, it is computationally efficient to perform them in one pass.
 </remarks>
</member>
<member name="T:Microsoft.VisualBasic.Data.IO.Bzip2.BZip2InputStream">
 <summary>An InputStream wrapper that decompresses BZip2 data</summary>
 <remarks>Instances of this class are not threadsafe</remarks>
</member>
<member name="M:Microsoft.VisualBasic.Data.IO.Bzip2.BZip2InputStream.#ctor(System.IO.Stream,System.Boolean)">
 <summary>Public constructor</summary>
 <param name="inputStream">The InputStream to wrap</param>
 <param name="headerless">If true, the caller is assumed to have read away the stream's 
 leading "BZ" identifier bytes</param>
</member>
<member name="M:Microsoft.VisualBasic.Data.IO.Bzip2.BZip2InputStream.InitialiseStream">
 <summary>Reads the stream header and checks that the data appears to be a valid BZip2 stream</summary>
 <exception cref="T:System.IO.IOException">if the stream header is not valid</exception>
</member>
<member name="M:Microsoft.VisualBasic.Data.IO.Bzip2.BZip2InputStream.InitialiseNextBlock">
 <summary>Prepares a new block for decompression if any remain in the stream</summary>
 <remarks>If a previous block has completed, its CRC is checked and merged into the stream CRC.
 If the previous block was the final block in the stream, the stream CRC is validated</remarks>
 <return>true if a block was successfully initialised, or false if the end of file marker was encountered</return>
 <exception cref="T:System.IO.IOException">If either the block or stream CRC check failed, if the following data is
 not a valid block-header or end-of-file marker, or if the following block could not be decoded</exception>
</member>
<member name="T:Microsoft.VisualBasic.Data.IO.Bzip2.BZip2OutputStream">
 <summary>An OutputStream wrapper that compresses BZip2 data</summary>
 <remarks>Instances of this class are not threadsafe</remarks>
</member>
<member name="F:Microsoft.VisualBasic.Data.IO.Bzip2.BZip2OutputStream.STREAM_START_MARKER_1">
 <summary>The first 2 bytes of a Bzip2 marker</summary> 
</member>
<member name="F:Microsoft.VisualBasic.Data.IO.Bzip2.BZip2OutputStream.STREAM_START_MARKER_2">
 <summary>The 'h' that distinguishes BZip from BZip2</summary> 
</member>
<member name="F:Microsoft.VisualBasic.Data.IO.Bzip2.BZip2OutputStream.STREAM_END_MARKER_1">
 <summary>First three bytes of the end of stream marker</summary> 
</member>
<member name="F:Microsoft.VisualBasic.Data.IO.Bzip2.BZip2OutputStream.STREAM_END_MARKER_2">
 <summary>Last three bytes of the end of stream marker</summary> 
</member>
<member name="M:Microsoft.VisualBasic.Data.IO.Bzip2.BZip2OutputStream.#ctor(System.IO.Stream,System.Boolean,System.Int32)">
 <summary>Public constructor</summary>
 <param name="outputStream">The output stream to write to</param>
 <param name="blockSizeMultiplier">The BZip2 block size as a multiple of 100,000 bytes (minimum 1, maximum 9)</param>
 <param name="isOwner">True if the underlying stream will be closed with the current Stream</param>
 <exception cref="T:System.ArgumentException">On any I/O error writing to the output stream</exception>
 <remarks>Larger block sizes require more memory for both compression and decompression,
 but give better compression ratios. 9 will usually be the best value to use</remarks>
</member>
<member name="M:Microsoft.VisualBasic.Data.IO.Bzip2.BZip2OutputStream.InitialiseNextBlock">
 <summary>Initialises a new block for compression</summary> 
</member>
<member name="M:Microsoft.VisualBasic.Data.IO.Bzip2.BZip2OutputStream.CloseBlock">
 <summary>Compress and write out the block currently in progress</summary>
 <remarks>If no bytes have been written to the block, it is discarded</remarks>
 <exception cref="T:System.Exception">On any I/O error writing to the output stream</exception>
</member>
<member name="M:Microsoft.VisualBasic.Data.IO.Bzip2.BZip2OutputStream.Finish">
 <summary>Compresses and writes out any as yet unwritten data, then writes the end of the BZip2 stream</summary>
 <remarks>The underlying OutputStream is not closed</remarks>
 <exception cref="T:System.Exception">On any I/O error writing to the output stream</exception>
</member>
<member name="T:Microsoft.VisualBasic.Data.IO.Bzip2.Math.CRC32">
 <summary>
 A CRC32 calculator
 </summary>
</member>
<member name="F:Microsoft.VisualBasic.Data.IO.Bzip2.Math.CRC32.Crc32Lookup">
 <summary>The CRC lookup table</summary> 
</member>
<member name="F:Microsoft.VisualBasic.Data.IO.Bzip2.Math.CRC32.crcField">
 <summary>The current CRC</summary>
</member>
<member name="P:Microsoft.VisualBasic.Data.IO.Bzip2.Math.CRC32.CRC">
 <summary>Gets the current CRC</summary> 
</member>
<member name="M:Microsoft.VisualBasic.Data.IO.Bzip2.Math.CRC32.UpdateCrc(System.Int32)">
 <summary>Updates the CRC with a single byte</summary>
 <param name="value">The value to update the CRC with</param>
</member>
<member name="M:Microsoft.VisualBasic.Data.IO.Bzip2.Math.CRC32.UpdateCrc(System.Int32,System.Int32)">
 <summary>Update the CRC with a sequence of identical bytes</summary>	
 <param name="value">The value to update the CRC with</param>
 <param name="count">The number of bytes</param>
</member>
<member name="T:Microsoft.VisualBasic.Data.IO.Bzip2.Math.HuffmanAllocator">
 <summary>An in-place, length restricted Canonical Huffman code length allocator</summary>
 <remarks>
 Based on the algorithm proposed by R.L.Milidiú, A.A.Pessoa and E.S.Laber 
 in "In-place Length-Restricted Prefix Coding" (see: http://www-di.inf.puc-rio.br/~laber/public/spire98.ps)
 and incorporating additional ideas from the implementation of "shcodec" by Simakov Alexander
 (see: http://webcenter.ru/~xander/)
 </remarks>
</member>
<member name="M:Microsoft.VisualBasic.Data.IO.Bzip2.Math.HuffmanAllocator.AllocateHuffmanCodeLengths(System.Int32[],System.Int32)">
 <summary>Allocates Canonical Huffman code lengths in place based on a sorted frequency array</summary>
 <param name="array">On input, a sorted array of symbol frequencies; On output, an array of Canonical Huffman code lenghts</param>
 <param name="maximumLength">The maximum code length. Must be at least ceil(log2(array.length))</param>
</member>
<member name="T:Microsoft.VisualBasic.Data.IO.Bzip2.Math.MoveToFront">
 <summary>
 A 256 entry Move To Front transform
 </summary>
</member>
<member name="F:Microsoft.VisualBasic.Data.IO.Bzip2.Math.MoveToFront.mtf">
 <summary>The Move To Front list</summary> 
</member>
<member name="M:Microsoft.VisualBasic.Data.IO.Bzip2.Math.MoveToFront.#ctor">
 <summary>Public constructor</summary>
</member>
<member name="M:Microsoft.VisualBasic.Data.IO.Bzip2.Math.MoveToFront.ValueToFront(System.Byte)">
 <summary>Moves a value to the head of the MTF list (forward Move To Front transform)</summary>
 <param name="value">The value to move</param>
 <return>The position the value moved from</return>
</member>
<member name="M:Microsoft.VisualBasic.Data.IO.Bzip2.Math.MoveToFront.IndexToFront(System.Int32)">
 <summary>Gets the value from a given index and moves it to the front of the MTF list (inverse Move To Front transform)</summary>
 <param name="index">The index to move</param>
 <return>The value at the given index</return>
</member>
<member name="P:Microsoft.VisualBasic.Data.IO.IMagicBlock.magic">
 <summary>
 Magic字符串为数据块的起始位置处的指定字节数量ASCII字符串数据
 </summary>
 <returns></returns>
</member>
<member name="M:Microsoft.VisualBasic.Data.IO.Extensions.VerifyMagicSignature(Microsoft.VisualBasic.Data.IO.IMagicBlock,System.String)">
 <summary>
 使用整形数存储的验证数据
 </summary>
 <param name="block"></param>
 <param name="signature$"></param>
 <returns></returns>
</member>
<member name="M:Microsoft.VisualBasic.Data.IO.Extensions.VerifyMagicSignature(Microsoft.VisualBasic.Data.IO.IMagicBlock,System.Collections.Generic.IEnumerable{System.Byte})">
 <summary>
 使用base64存储的验证数据
 </summary>
 <param name="block"></param>
 <param name="signature"></param>
 <returns></returns>
</member>
<member name="M:Microsoft.VisualBasic.Data.IO.Extensions.OpenBinaryReader(System.String,Microsoft.VisualBasic.Text.Encodings)">
 <summary>
 Open <see cref="T:Microsoft.VisualBasic.Data.IO.BinaryDataReader"/>
 </summary>
 <param name="path"></param>
 <param name="encoding"></param>
 <returns></returns>
 
</member>
<member name="M:Microsoft.VisualBasic.Data.IO.Extensions.ReadAsDoubleVector(Microsoft.VisualBasic.Data.IO.BinaryDataReader)">
 <summary>
 整个文件都是<see cref="T:System.Double"/>类型的值
 </summary>
 <param name="bin"></param>
 <returns></returns>
</member>
<member name="M:Microsoft.VisualBasic.Data.IO.Extensions.ReadAsInt64Vector(Microsoft.VisualBasic.Data.IO.BinaryDataReader)">
 <summary>
 整个文件都是<see cref="T:System.Int64"/>类型的值
 </summary>
 <param name="bin"></param>
 <returns></returns>
</member>
<member name="T:Microsoft.VisualBasic.Data.IO.MSWindows">
 <summary>
 # Windows Data Types
 
 > https://docs.microsoft.com/en-us/windows/desktop/WinProg/windows-data-types
 
 The data types supported by Windows are used to define function return values, 
 function and message parameters, and structure members. They define the size 
 and meaning of these elements. For more information about the underlying C/C++ 
 data types, see Data Type Ranges.
 
 The following table contains the following types: character, Integer, Boolean, 
 pointer, And handle.The character, Integer, And Boolean types are common to 
 most C compilers. Most of the pointer-type names begin with a prefix of P Or LP. 
 Handles refer to a resource that has been loaded into memory.
 </summary>
</member>
<member name="M:Microsoft.VisualBasic.Data.IO.ReaderProvider.Open">
 <summary>
 请使用<see cref="M:Microsoft.VisualBasic.Data.IO.ReaderProvider.Cleanup(Microsoft.VisualBasic.Data.IO.BinaryDataReader)"/>方法来释放资源
 </summary>
 <returns></returns>
</member>
<member name="M:Microsoft.VisualBasic.Data.IO.ReaderProvider.Cleanup(Microsoft.VisualBasic.Data.IO.BinaryDataReader)">
 <summary>
 使用这个清理方法来释放<see cref="M:Microsoft.VisualBasic.Data.IO.ReaderProvider.Open"/>打开的指针
 </summary>
 <param name="reader"></param>
</member>
<member name="M:Microsoft.VisualBasic.Data.IO.ReaderProvider.Read(System.Action{Microsoft.VisualBasic.Data.IO.BinaryDataReader})">
 <summary>
 
 </summary>
 <param name="run">
 请不要在这里面执行<see cref="M:System.IO.BinaryReader.Close"/>或者<see cref="M:System.IO.BinaryReader.Dispose"/>
 </param>
</member>
<member name="T:Microsoft.VisualBasic.Data.IO.BinaryDataReader">
 <summary>
 Represents an extended <see cref="T:System.IO.BinaryReader"/> supporting special file format data types.
 </summary>
</member>
<member name="P:Microsoft.VisualBasic.Data.IO.BinaryDataReader.BufferView">
 <summary>
 [debug view]以ascii显示当前位置的附近16个字节的内容
 </summary>
 <returns></returns>
</member>
<member name="M:Microsoft.VisualBasic.Data.IO.BinaryDataReader.#ctor(System.IO.Stream)">
 <summary>
 Initializes a new instance of the <see cref="T:Microsoft.VisualBasic.Data.IO.BinaryDataReader"/> class based on the specified stream and
 using UTF-8 encoding.
 </summary>
 <param name="input">The input stream.</param>
 <exception cref="T:System.ArgumentException">The stream does not support reading, is null, or is already closed.
 </exception>
</member>
<member name="M:Microsoft.VisualBasic.Data.IO.BinaryDataReader.#ctor(System.IO.Stream,System.Boolean)">
 <summary>
 Initializes a new instance of the <see cref="T:Microsoft.VisualBasic.Data.IO.BinaryDataReader"/> class based on the specified stream, UTF-8
 encoding and optionally leaves the stream open.
 </summary>
 <param name="input">The input stream.</param>
 <param name="leaveOpen"><c>true</c> to leave the stream open after the <see cref="T:Microsoft.VisualBasic.Data.IO.BinaryDataReader"/> object
 is disposed; otherwise <c>false</c>.</param>
 <exception cref="T:System.ArgumentException">The stream does not support reading, is null, or is already closed.
 </exception>
 <exception cref="T:System.ArgumentNullException">encoding is null.</exception>
</member>
<member name="M:Microsoft.VisualBasic.Data.IO.BinaryDataReader.#ctor(System.IO.Stream,System.Text.Encoding)">
 <summary>
 Initializes a new instance of the <see cref="T:Microsoft.VisualBasic.Data.IO.BinaryDataReader"/> class based on the specified stream and
 character encoding.
 </summary>
 <param name="input">The input stream.</param>
 <param name="encoding">The character encoding to use.</param>
 <exception cref="T:System.ArgumentException">The stream does not support reading, is null, or is already closed.
 </exception>
 <exception cref="T:System.ArgumentNullException">encoding is null.</exception>
</member>
<member name="M:Microsoft.VisualBasic.Data.IO.BinaryDataReader.#ctor(System.IO.Stream,System.Text.Encoding,System.Boolean)">
 <summary>
 Initializes a new instance of the <see cref="T:Microsoft.VisualBasic.Data.IO.BinaryDataReader"/> class based on the specified stream and
 character encoding, and optionally leaves the stream open.
 </summary>
 <param name="input">The input stream.</param>
 <param name="encoding">The character encoding to use.</param>
 <param name="leaveOpen"><c>true</c> to leave the stream open after the <see cref="T:Microsoft.VisualBasic.Data.IO.BinaryDataReader"/> object
 is disposed; otherwise <c>false</c>.</param>
 <exception cref="T:System.ArgumentException">The stream does not support reading, is null, or is already closed.
 </exception>
 <exception cref="T:System.ArgumentNullException">encoding is null.</exception>
</member>
<member name="P:Microsoft.VisualBasic.Data.IO.BinaryDataReader.ByteOrder">
 <summary>
 Gets or sets the byte order used to parse binary data with.
 </summary>
</member>
<member name="P:Microsoft.VisualBasic.Data.IO.BinaryDataReader.Encoding">
 <summary>
 Gets the encoding used for string related operations where no other encoding has been provided. Due to the
 way the underlying <see cref="T:System.IO.BinaryReader"/> is instantiated, it can only be specified at creation time.
 </summary>
</member>
<member name="P:Microsoft.VisualBasic.Data.IO.BinaryDataReader.Length">
 <summary>
 Gets the length in bytes of the stream in bytes. This is a shortcut to the base stream Length property.
 </summary>
</member>
<member name="P:Microsoft.VisualBasic.Data.IO.BinaryDataReader.Position">
 <summary>
 Gets or sets the position within the current stream. This is a shortcut to the base stream Position
 property.
 </summary>
</member>
<member name="P:Microsoft.VisualBasic.Data.IO.BinaryDataReader.EndOfStream">
 <summary>
 Gets a value indicating whether the end of the stream has been reached and no more data can be read.
 </summary>
</member>
<member name="M:Microsoft.VisualBasic.Data.IO.BinaryDataReader.Mark">
 <summary>
 Mark current stream buffer position
 </summary>
</member>
<member name="M:Microsoft.VisualBasic.Data.IO.BinaryDataReader.Reset">
 <summary>
 Move the buffer back to the position that marked by <see cref="M:Microsoft.VisualBasic.Data.IO.BinaryDataReader.Mark"/> method.
 </summary>
</member>
<member name="M:Microsoft.VisualBasic.Data.IO.BinaryDataReader.Align(System.Int32)">
 <summary>
 Aligns the reader to the next given byte multiple.
 </summary>
 <param name="alignment">The byte multiple.</param>
</member>
<member name="M:Microsoft.VisualBasic.Data.IO.BinaryDataReader.ReadDateTime(Microsoft.VisualBasic.Data.IO.BinaryDateTimeFormat)">
 <summary>
 Reads a <see cref="T:System.DateTime"/> from the current stream. The <see cref="T:System.DateTime"/> is available in the
 specified binary format.
 </summary>
 <param name="format">The binary format, in which the <see cref="T:System.DateTime"/> will be read.</param>
 <returns>The <see cref="T:System.DateTime"/> read from the current stream.</returns>
</member>
<member name="M:Microsoft.VisualBasic.Data.IO.BinaryDataReader.ReadDecimal">
 <summary>
 Reads an 16-byte floating point value from the current stream and advances the current position of the
 stream by sixteen bytes.
 </summary>
 <returns>The 16-byte floating point value read from the current stream.</returns>
</member>
<member name="M:Microsoft.VisualBasic.Data.IO.BinaryDataReader.ReadDecimals(System.Int32)">
 <summary>
 Reads the specified number of <see cref="T:System.Decimal"/> values from the current stream into a
 <see cref="T:System.Decimal"/> array and advances the current position by that number of <see cref="T:System.Decimal"/> values
 multiplied with the size of a single value.
 </summary>
 <param name="count">The number of <see cref="T:System.Decimal"/> values to read.</param>
 <returns>The <see cref="T:System.Decimal"/> array containing data read from the current stream. This might be less
 than the number of bytes requested if the end of the stream is reached.</returns>
</member>
<member name="M:Microsoft.VisualBasic.Data.IO.BinaryDataReader.ReadDouble">
 <summary>
 Reads an 8-byte floating point value from the current stream and advances the current position of the stream
 by eight bytes.
 </summary>
 <returns>The 8-byte floating point value read from the current stream.</returns>
</member>
<member name="M:Microsoft.VisualBasic.Data.IO.BinaryDataReader.ReadDoubles(System.Int32)">
 <summary>
 Reads the specified number of <see cref="T:System.Double"/> values from the current stream into a
 <see cref="T:System.Double"/> array and advances the current position by that number of <see cref="T:System.Double"/> values
 multiplied with the size of a single value.
 </summary>
 <param name="count">The number of <see cref="T:System.Double"/> values to read.</param>
 <returns>The <see cref="T:System.Double"/> array containing data read from the current stream. This might be less
 than the number of bytes requested if the end of the stream is reached.</returns>
</member>
<member name="M:Microsoft.VisualBasic.Data.IO.BinaryDataReader.ReadInt16">
 <summary>
 Reads a 2-byte signed integer from the current stream and advances the current position of the stream by two
 bytes.
 </summary>
 <returns>The 2-byte signed integer read from the current stream.</returns>
</member>
<member name="M:Microsoft.VisualBasic.Data.IO.BinaryDataReader.ReadInt16s(System.Int32)">
 <summary>
 Reads the specified number of <see cref="T:System.Int16"/> values from the current stream into a <see cref="T:System.Int16"/>
 array and advances the current position by that number of <see cref="T:System.Int16"/> values multiplied with the
 size of a single value.
 </summary>
 <param name="count">The number of <see cref="T:System.Int16"/> values to read.</param>
 <returns>The <see cref="T:System.Int16"/> array containing data read from the current stream. This might be less than
 the number of bytes requested if the end of the stream is reached.</returns>
</member>
<member name="M:Microsoft.VisualBasic.Data.IO.BinaryDataReader.ReadInt32">
 <summary>
 Reads a 4-byte signed integer from the current stream and advances the current position of the stream by
 four bytes.
 </summary>
 <returns>The 4-byte signed integer read from the current stream.</returns>
</member>
<member name="M:Microsoft.VisualBasic.Data.IO.BinaryDataReader.ReadInt32s(System.Int32)">
 <summary>
 Reads the specified number of <see cref="T:System.Int32"/> values from the current stream into a <see cref="T:System.Int32"/>
 array and advances the current position by that number of <see cref="T:System.Int32"/> values multiplied with the
 size of a single value.
 </summary>
 <param name="count">The number of <see cref="T:System.Int32"/> values to read.</param>
 <returns>The <see cref="T:System.Int32"/> array containing data read from the current stream. This might be less than
 the number of bytes requested if the end of the stream is reached.</returns>
</member>
<member name="M:Microsoft.VisualBasic.Data.IO.BinaryDataReader.ReadInt64">
 <summary>
 Reads an 8-byte signed integer from the current stream and advances the current position of the stream by
 eight bytes.
 </summary>
 <returns>The 8-byte signed integer read from the current stream.</returns>
</member>
<member name="M:Microsoft.VisualBasic.Data.IO.BinaryDataReader.ReadInt64s(System.Int32)">
 <summary>
 Reads the specified number of <see cref="T:System.Int64"/> values from the current stream into a <see cref="T:System.Int64"/>
 array and advances the current position by that number of <see cref="T:System.Int64"/> values multiplied with the
 size of a single value.
 </summary>
 <param name="count">The number of <see cref="T:System.Int64"/> values to read.</param>
 <returns>The <see cref="T:System.Int64"/> array containing data read from the current stream. This might be less than
 the number of bytes requested if the end of the stream is reached.</returns>
</member>
<member name="M:Microsoft.VisualBasic.Data.IO.BinaryDataReader.ReadSBytes(System.Int32)">
 <summary>
 Reads the specified number of <see cref="T:System.SByte"/> values from the current stream into a <see cref="T:System.SByte"/>
 array and advances the current position by that number of <see cref="T:System.SByte"/> values multiplied with the
 size of a single value.
 </summary>
 <param name="count">The number of <see cref="T:System.SByte"/> values to read.</param>
 <returns>The <see cref="T:System.SByte"/> array containing data read from the current stream. This might be less than
 the number of bytes requested if the end of the stream is reached.</returns>
</member>
<member name="M:Microsoft.VisualBasic.Data.IO.BinaryDataReader.ReadSingle">
 <summary>
 Reads a 4-byte floating point value from the current stream and advances the current position of the stream
 by four bytes.
 </summary>
 <returns>The 4-byte floating point value read from the current stream.</returns>
</member>
<member name="M:Microsoft.VisualBasic.Data.IO.BinaryDataReader.ReadSingles(System.Int32)">
 <summary>
 Reads the specified number of <see cref="T:System.Single"/> values from the current stream into a
 <see cref="T:System.Single"/> array and advances the current position by that number of <see cref="T:System.Single"/> values
 multiplied with the size of a single value.
 </summary>
 <param name="count">The number of <see cref="T:System.Single"/> values to read.</param>
 <returns>The <see cref="T:System.Single"/> array containing data read from the current stream. This might be less
 than the number of bytes requested if the end of the stream is reached.</returns>
</member>
<member name="M:Microsoft.VisualBasic.Data.IO.BinaryDataReader.ReadString(Microsoft.VisualBasic.Data.IO.BinaryStringFormat)">
 <summary>
 Reads a string from the current stream. The string is available in the specified binary format.
 </summary>
 <param name="format">The binary format, in which the string will be read.</param>
 <returns>The string read from the current stream.</returns>
</member>
<member name="M:Microsoft.VisualBasic.Data.IO.BinaryDataReader.ReadString(Microsoft.VisualBasic.Data.IO.BinaryStringFormat,System.Text.Encoding)">
 <summary>
 Reads a string from the current stream. The string is available in the specified binary format and encoding.
 </summary>
 <param name="format">The binary format, in which the string will be read.</param>
 <param name="encoding">The encoding used for converting the string.</param>
 <returns>The string read from the current stream.</returns>
</member>
<member name="M:Microsoft.VisualBasic.Data.IO.BinaryDataReader.ReadString(System.Int32)">
 <summary>
 Reads a string from the current stream. The string has neither a prefix or postfix, the length has to be
 specified manually.
 </summary>
 <param name="length">The length of the string.</param>
 <returns>The string read from the current stream.</returns>
</member>
<member name="M:Microsoft.VisualBasic.Data.IO.BinaryDataReader.ReadString(System.Int32,System.Text.Encoding)">
 <summary>
 Reads a string from the current stream. The string has neither a prefix or postfix, the length has to be
 specified manually. The string is available in the specified encoding.
 </summary>
 <param name="length">The length of the string.</param>
 <param name="encoding">The encoding to use for reading the string.</param>
 <returns>The string read from the current stream.</returns>
 
</member>
<member name="M:Microsoft.VisualBasic.Data.IO.BinaryDataReader.ReadUInt16">
 <summary>
 Reads a 2-byte unsigned integer from the current stream using little-endian encoding and advances the
 position of the stream by two bytes.
 </summary>
 <returns>The 2-byte unsigned integer read from the current stream.</returns>
</member>
<member name="M:Microsoft.VisualBasic.Data.IO.BinaryDataReader.ReadUInt16s(System.Int32)">
 <summary>
 Reads the specified number of <see cref="T:System.UInt16"/> values from the current stream into a
 <see cref="T:System.UInt16"/> array and advances the current position by that number of <see cref="T:System.UInt16"/> values
 multiplied with the size of a single value.
 </summary>
 <param name="count">The number of <see cref="T:System.UInt16"/> values to read.</param>
 <returns>The <see cref="T:System.UInt16"/> array containing data read from the current stream. This might be less
 than the number of bytes requested if the end of the stream is reached.</returns>
 
</member>
<member name="M:Microsoft.VisualBasic.Data.IO.BinaryDataReader.ReadUInt32">
 <summary>
 Reads an 4-byte unsigned integer from the current stream and advances the position of the stream by eight
 bytes.
 </summary>
 <returns>The 4-byte unsigned integer read from the current stream.</returns>
</member>
<member name="M:Microsoft.VisualBasic.Data.IO.BinaryDataReader.ReadUInt32s(System.Int32)">
 <summary>
 Reads the specified number of <see cref="T:System.UInt32"/> values from the current stream into a
 <see cref="T:System.UInt32"/> array and advances the current position by that number of <see cref="T:System.UInt32"/> values
 multiplied with the size of a single value.
 </summary>
 <param name="count">The number of <see cref="T:System.UInt32"/> values to read.</param>
 <returns>The <see cref="T:System.UInt32"/> array containing data read from the current stream. This might be less
 than the number of bytes requested if the end of the stream is reached.</returns>
 
</member>
<member name="M:Microsoft.VisualBasic.Data.IO.BinaryDataReader.ReadUInt64">
 <summary>
 Reads an 8-byte unsigned integer from the current stream and advances the position of the stream by eight
 bytes.
 </summary>
 <returns>The 8-byte unsigned integer read from the current stream.</returns>
</member>
<member name="M:Microsoft.VisualBasic.Data.IO.BinaryDataReader.ReadUInt64s(System.Int32)">
 <summary>
 Reads the specified number of <see cref="T:System.UInt64"/> values from the current stream into a
 <see cref="T:System.UInt64"/> array and advances the current position by that number of <see cref="T:System.UInt64"/> values
 multiplied with the size of a single value.
 </summary>
 <param name="count">The number of <see cref="T:System.UInt64"/> values to read.</param>
 <returns>The <see cref="T:System.UInt64"/> array containing data read from the current stream. This might be less
 than the number of bytes requested if the end of the stream is reached.</returns>
 
</member>
<member name="M:Microsoft.VisualBasic.Data.IO.BinaryDataReader.Seek(System.Int64)">
 <summary>
 Sets the position within the current stream. This is a shortcut to the base stream Seek method.
 </summary>
 <param name="offset">A byte offset relative to the current position in the stream.</param>
 <returns>The new position within the current stream.</returns>
 
</member>
<member name="M:Microsoft.VisualBasic.Data.IO.BinaryDataReader.Seek(System.Int64,System.IO.SeekOrigin)">
 <summary>
 Sets the position within the current stream. This is a shortcut to the base stream Seek method.
 </summary>
 <param name="offset">A byte offset relative to the origin parameter.</param>
 <param name="origin">A value of type <see cref="T:System.IO.SeekOrigin"/> indicating the reference point used to obtain
 the new position.</param>
 <returns>The new position within the current stream.</returns>
 
</member>
<member name="M:Microsoft.VisualBasic.Data.IO.BinaryDataReader.TemporarySeek">
 <summary>
 Creates a <see cref="T:Microsoft.VisualBasic.Data.IO.SeekTask"/> to restore the current position after it has been disposed.
 </summary>
 <returns>The <see cref="T:Microsoft.VisualBasic.Data.IO.SeekTask"/> to be disposed to restore to the current position.</returns>
 
</member>
<member name="M:Microsoft.VisualBasic.Data.IO.BinaryDataReader.TemporarySeek(System.Int64)">
 <summary>
 Creates a <see cref="T:Microsoft.VisualBasic.Data.IO.SeekTask"/> with the given parameters. As soon as the returned <see cref="T:Microsoft.VisualBasic.Data.IO.SeekTask"/>
 is disposed, the previous stream position will be restored.
 </summary>
 <param name="offset">A byte offset relative to the current position in the stream.</param>
 <returns>The <see cref="T:Microsoft.VisualBasic.Data.IO.SeekTask"/> to be disposed to undo the seek.</returns>
 
</member>
<member name="M:Microsoft.VisualBasic.Data.IO.BinaryDataReader.TemporarySeek(System.Int64,System.IO.SeekOrigin)">
 <summary>
 Creates a <see cref="T:Microsoft.VisualBasic.Data.IO.SeekTask"/> with the given parameters. As soon as the returned <see cref="T:Microsoft.VisualBasic.Data.IO.SeekTask"/>
 is disposed, the previous stream position will be restored.
 </summary>
 <param name="offset">A byte offset relative to the origin parameter.</param>
 <param name="origin">A value of type <see cref="T:System.IO.SeekOrigin"/> indicating the reference point used to obtain
 the new position.</param>
 <returns>The <see cref="T:Microsoft.VisualBasic.Data.IO.SeekTask"/> to be disposed to undo the seek.</returns>
 
</member>
<member name="T:Microsoft.VisualBasic.Data.IO.BinaryDataWriter">
 <summary>
 Represents an extended <see cref="T:System.IO.BinaryWriter"/> supporting special file format data types.
 </summary>
</member>
<member name="M:Microsoft.VisualBasic.Data.IO.BinaryDataWriter.#ctor(System.IO.Stream)">
 <summary>
 Initializes a new instance of the <see cref="T:Microsoft.VisualBasic.Data.IO.BinaryDataWriter"/> class based on the specified stream and
 using UTF-8 encoding.
 </summary>
 <param name="output">The output stream.</param>
 <exception cref="T:System.ArgumentException">The stream does not support writing or is already closed.</exception>
 <exception cref="T:System.ArgumentNullException">output is null.</exception>
</member>
<member name="M:Microsoft.VisualBasic.Data.IO.BinaryDataWriter.#ctor(System.IO.Stream,System.Boolean)">
 <summary>
 Initializes a new instance of the <see cref="T:Microsoft.VisualBasic.Data.IO.BinaryDataWriter"/> class based on the specified stream, UTF-8
 encoding and optionally leaves the stream open.
 </summary>
 <param name="output">The output stream.</param>
 <param name="leaveOpen"><c>true</c> to leave the stream open after the <see cref="T:Microsoft.VisualBasic.Data.IO.BinaryDataWriter"/> object
 is disposed; otherwise <c>false</c>.</param>
 <exception cref="T:System.ArgumentException">The stream does not support writing or is already closed.</exception>
 <exception cref="T:System.ArgumentNullException">output is null.</exception>
</member>
<member name="M:Microsoft.VisualBasic.Data.IO.BinaryDataWriter.#ctor(System.IO.Stream,System.Text.Encoding)">
 <summary>
 Initializes a new instance of the <see cref="T:Microsoft.VisualBasic.Data.IO.BinaryDataWriter"/> class based on the specified stream and
 character encoding.
 </summary>
 <param name="output">The output stream.</param>
 <param name="encoding">The character encoding to use.</param>
 <exception cref="T:System.ArgumentException">The stream does not support writing or is already closed.</exception>
 <exception cref="T:System.ArgumentNullException">output or encoding is null.</exception>
</member>
<member name="M:Microsoft.VisualBasic.Data.IO.BinaryDataWriter.#ctor(System.IO.Stream,System.Text.Encoding,System.Boolean)">
 <summary>
 Initializes a new instance of the <see cref="T:Microsoft.VisualBasic.Data.IO.BinaryDataWriter"/> class based on the specified stream and
 character encoding, and optionally leaves the stream open.
 </summary>
 <param name="output">The output stream.</param>
 <param name="encoding">The character encoding to use.</param>
 <param name="leaveOpen"><c>true</c> to leave the stream open after the <see cref="T:Microsoft.VisualBasic.Data.IO.BinaryDataWriter"/> object
 is disposed; otherwise <c>false</c>.</param>
 <exception cref="T:System.ArgumentException">The stream does not support writing or is already closed.</exception>
 <exception cref="T:System.ArgumentNullException">output or encoding is null.</exception>
</member>
<member name="P:Microsoft.VisualBasic.Data.IO.BinaryDataWriter.ByteOrder">
 <summary>
 Gets or sets the byte order used to parse binary data with.
 </summary>
</member>
<member name="P:Microsoft.VisualBasic.Data.IO.BinaryDataWriter.RerouteInt32ToUnsigned">
 <summary>
 为了兼容一些VB6.0的程序数据, 启用这个选项之后,
 所有的<see cref="T:System.Int32"/>在写入文件之前都将会被转换为<see cref="T:System.UInt32"/>
 </summary>
 <returns></returns>
</member>
<member name="P:Microsoft.VisualBasic.Data.IO.BinaryDataWriter.Encoding">
 <summary>
 Gets the encoding used for string related operations where no other encoding has been provided. Due to the
 way the underlying <see cref="T:System.IO.BinaryWriter"/> is instantiated, it can only be specified at creation time.
 </summary>
</member>
<member name="P:Microsoft.VisualBasic.Data.IO.BinaryDataWriter.Position">
 <summary>
 Gets or sets the position within the current stream. This is a shortcut to the base stream Position
 property.
 </summary>
</member>
<member name="M:Microsoft.VisualBasic.Data.IO.BinaryDataWriter.ReserveOffset">
 <summary>
 Allocates space for an <see cref="T:Microsoft.VisualBasic.Data.IO.Offset"/> which can be satisfied later on.
 </summary>
 <returns>An <see cref="T:Microsoft.VisualBasic.Data.IO.Offset"/> to satisfy later on.</returns>
 
</member>
<member name="M:Microsoft.VisualBasic.Data.IO.BinaryDataWriter.Align(System.Int32)">
 <summary>
 Aligns the reader to the next given byte multiple..
 </summary>
 <param name="alignment">The byte multiple.</param>
 
</member>
<member name="M:Microsoft.VisualBasic.Data.IO.BinaryDataWriter.Seek(System.Int64)">
 <summary>
 Sets the position within the current stream. This is a shortcut to the base stream Seek method.
 </summary>
 <param name="offset">A byte offset relative to the current position in the stream.</param>
 <returns>The new position within the current stream.</returns>
 
</member>
<member name="M:Microsoft.VisualBasic.Data.IO.BinaryDataWriter.Seek(System.Int64,System.IO.SeekOrigin)">
 <summary>
 Sets the position within the current stream. This is a shortcut to the base stream Seek method.
 </summary>
 <param name="offset">A byte offset relative to the origin parameter.</param>
 <param name="origin">A value of type <see cref="T:System.IO.SeekOrigin"/> indicating the reference point used to obtain
 the new position.</param>
 <returns>The new position within the current stream.</returns>
 
</member>
<member name="M:Microsoft.VisualBasic.Data.IO.BinaryDataWriter.TemporarySeek(System.Int64)">
 <summary>
 Creates a <see cref="T:Microsoft.VisualBasic.Data.IO.SeekTask"/> with the given parameters. As soon as the returned <see cref="T:Microsoft.VisualBasic.Data.IO.SeekTask"/>
 is disposed, the previous stream position will be restored.
 </summary>
 <param name="offset">A byte offset relative to the current position in the stream.</param>
 <returns>A <see cref="T:Microsoft.VisualBasic.Data.IO.SeekTask"/> to be disposed to undo the seek.</returns>
 
</member>
<member name="M:Microsoft.VisualBasic.Data.IO.BinaryDataWriter.TemporarySeek(System.Int64,System.IO.SeekOrigin)">
 <summary>
 Creates a <see cref="T:Microsoft.VisualBasic.Data.IO.SeekTask"/> with the given parameters. As soon as the returned <see cref="T:Microsoft.VisualBasic.Data.IO.SeekTask"/>
 is disposed, the previous stream position will be restored.
 </summary>
 <param name="offset">A byte offset relative to the origin parameter.</param>
 <param name="origin">A value of type <see cref="T:System.IO.SeekOrigin"/> indicating the reference point used to obtain
 the new position.</param>
 <returns>A <see cref="T:Microsoft.VisualBasic.Data.IO.SeekTask"/> to be disposed to undo the seek.</returns>
 
</member>
<member name="M:Microsoft.VisualBasic.Data.IO.BinaryDataWriter.Write(System.DateTime,Microsoft.VisualBasic.Data.IO.BinaryDateTimeFormat)">
 <summary>
 Writes a <see cref="T:System.DateTime"/> to this stream. The <see cref="T:System.DateTime"/> will be available in the
 specified binary format.
 </summary>
 <param name="value">The value to write.</param>
 <param name="format">The binary format in which the <see cref="T:System.DateTime"/> will be written.</param>
</member>
<member name="M:Microsoft.VisualBasic.Data.IO.BinaryDataWriter.Write(System.Decimal)">
 <summary>
 Writes an 16-byte floating point value to this stream and advances the current position of the stream by
 sixteen bytes.
 </summary>
 <param name="value">The value to write.</param>
</member>
<member name="M:Microsoft.VisualBasic.Data.IO.BinaryDataWriter.Write(System.IO.Stream,System.Int32)">
 <summary>
 将<paramref name="buffer"/>之中的所有数据都追加到当前的数据流之中
 </summary>
 <param name="buffer"></param>
</member>
<member name="M:Microsoft.VisualBasic.Data.IO.BinaryDataWriter.Write(System.Decimal[])">
 <summary>
 Writes the specified number of <see cref="T:System.Decimal"/> values into the current stream and advances the current
 position by that number of <see cref="T:System.Decimal"/> values multiplied with the size of a single value.
 </summary>
 <param name="values">The <see cref="T:System.Decimal"/> values to write.</param>
 
</member>
<member name="M:Microsoft.VisualBasic.Data.IO.BinaryDataWriter.Write(System.Double)">
 <summary>
 Writes an 8-byte floating point value to this stream and advances the current position of the stream by
 eight bytes.
 </summary>
 <param name="value">The value to write.</param>
</member>
<member name="M:Microsoft.VisualBasic.Data.IO.BinaryDataWriter.Write(System.Double[])">
 <summary>
 Writes the specified number of <see cref="T:System.Double"/> values into the current stream and advances the current
 position by that number of <see cref="T:System.Double"/> values multiplied with the size of a single value.
 </summary>
 <param name="values">The <see cref="T:System.Double"/> values to write.</param>
 
</member>
<member name="M:Microsoft.VisualBasic.Data.IO.BinaryDataWriter.Write(System.Int16)">
 <summary>
 Writes an 2-byte signed integer to this stream and advances the current position of the stream by two bytes.
 </summary>
 <param name="value">The value to write.</param>
</member>
<member name="M:Microsoft.VisualBasic.Data.IO.BinaryDataWriter.Write(System.Int16[])">
 <summary>
 Writes the specified number of <see cref="T:System.Int16"/> values into the current stream and advances the current
 position by that number of <see cref="T:System.Int16"/> values multiplied with the size of a single value.
 </summary>
 <param name="values">The <see cref="T:System.Int16"/> values to write.</param>
 
</member>
<member name="M:Microsoft.VisualBasic.Data.IO.BinaryDataWriter.Write(System.Int32)">
 <summary>
 Writes an 4-byte signed integer to this stream and advances the current position of the stream by four
 bytes.
 </summary>
 <param name="value">The value to write.</param>
</member>
<member name="M:Microsoft.VisualBasic.Data.IO.BinaryDataWriter.Write(System.Int32[])">
 <summary>
 Writes the specified number of <see cref="T:System.Int32"/> values into the current stream and advances the current
 position by that number of <see cref="T:System.Int32"/> values multiplied with the size of a single value.
 </summary>
 <param name="values">The <see cref="T:System.Int32"/> values to write.</param>
 
</member>
<member name="M:Microsoft.VisualBasic.Data.IO.BinaryDataWriter.Write(System.Int64)">
 <summary>
 Writes an 8-byte signed integer to this stream and advances the current position of the stream by eight
 bytes.
 </summary>
 <param name="value">The value to write.</param>
</member>
<member name="M:Microsoft.VisualBasic.Data.IO.BinaryDataWriter.Write(System.Int64[])">
 <summary>
 Writes the specified number of <see cref="T:System.Int64"/> values into the current stream and advances the current
 position by that number of <see cref="T:System.Int64"/> values multiplied with the size of a single value.
 </summary>
 <param name="values">The <see cref="T:System.Int64"/> values to write.</param>
 
</member>
<member name="M:Microsoft.VisualBasic.Data.IO.BinaryDataWriter.Write(System.Single)">
 <summary>
 Writes an 4-byte floating point value to this stream and advances the current position of the stream by four
 bytes.
 </summary>
 <param name="value">The value to write.</param>
</member>
<member name="M:Microsoft.VisualBasic.Data.IO.BinaryDataWriter.Write(System.Single[])">
 <summary>
 Writes the specified number of <see cref="T:System.Single"/> values into the current stream and advances the current
 position by that number of <see cref="T:System.Single"/> values multiplied with the size of a single value.
 </summary>
 <param name="values">The <see cref="T:System.Single"/> values to write.</param>
 
</member>
<member name="M:Microsoft.VisualBasic.Data.IO.BinaryDataWriter.Write(System.String,Microsoft.VisualBasic.Data.IO.BinaryStringFormat)">
 <summary>
 Writes a string to this stream in the current encoding of the <see cref="T:Microsoft.VisualBasic.Data.IO.BinaryDataWriter"/> and advances
 the current position of the stream in accordance with the encoding used and the specific characters being
 written to the stream. The string will be available in the specified binary format.
 </summary>
 <param name="value">The value to write.</param>
 <param name="format">The binary format in which the string will be written.</param>
 
</member>
<member name="M:Microsoft.VisualBasic.Data.IO.BinaryDataWriter.Write(System.String,Microsoft.VisualBasic.Data.IO.BinaryStringFormat,System.Text.Encoding)">
 <summary>
 Writes a string to this stream with the given encoding and advances the current position of the stream in
 accordance with the encoding used and the specific characters being written to the stream. The string will
 be available in the specified binary format.
 </summary>
 <param name="value">The value to write.</param>
 <param name="format">The binary format in which the string will be written.</param>
 <param name="encoding">The encoding used for converting the string.</param>
 <returns>
 这个函数返回写入的数据的字节大小长度,主要是用于字节的padding操作
 </returns>
</member>
<member name="M:Microsoft.VisualBasic.Data.IO.BinaryDataWriter.Write(System.UInt16)">
 <summary>
 Writes an 2-byte unsigned integer value to this stream and advances the current position of the stream by
 two bytes.
 </summary>
 <param name="value">The value to write.</param>
</member>
<member name="M:Microsoft.VisualBasic.Data.IO.BinaryDataWriter.Write(System.UInt16[])">
 <summary>
 Writes the specified number of <see cref="T:System.UInt16"/> values into the current stream and advances the current
 position by that number of <see cref="T:System.UInt16"/> values multiplied with the size of a single value.
 </summary>
 <param name="values">The <see cref="T:System.UInt16"/> values to write.</param>
 
</member>
<member name="M:Microsoft.VisualBasic.Data.IO.BinaryDataWriter.Write(System.UInt32)">
 <summary>
 Writes an 4-byte unsigned integer value to this stream and advances the current position of the stream by
 four bytes.
 </summary>
 <param name="value">The value to write.</param>
</member>
<member name="M:Microsoft.VisualBasic.Data.IO.BinaryDataWriter.Write(System.UInt32[])">
 <summary>
 Writes the specified number of <see cref="T:System.UInt32"/> values into the current stream and advances the current
 position by that number of <see cref="T:System.UInt32"/> values multiplied with the size of a single value.
 </summary>
 <param name="values">The <see cref="T:System.UInt32"/> values to write.</param>
 
</member>
<member name="M:Microsoft.VisualBasic.Data.IO.BinaryDataWriter.Write(System.UInt64)">
 <summary>
 Writes an 8-byte unsigned integer value to this stream and advances the current position of the stream by
 eight bytes.
 </summary>
 <param name="value">The value to write.</param>
</member>
<member name="M:Microsoft.VisualBasic.Data.IO.BinaryDataWriter.Write(System.UInt64[])">
 <summary>
 Writes the specified number of <see cref="T:System.UInt64"/> values into the current stream and advances the current
 position by that number of <see cref="T:System.UInt64"/> values multiplied with the size of a single value.
 </summary>
 <param name="values">The <see cref="T:System.UInt64"/> values to write.</param>
 
</member>
<member name="M:Microsoft.VisualBasic.Data.IO.BinaryDataWriter.WriteByteLengthPrefixString(System.String,System.Text.Encoding)">
 <summary>
 1 + size
 </summary>
 <param name="value"></param>
 <param name="encoding"></param>
 <returns></returns>
</member>
<member name="M:Microsoft.VisualBasic.Data.IO.BinaryDataWriter.WriteWordLengthPrefixString(System.String,System.Text.Encoding)">
 <summary>
 2 + size
 </summary>
 <param name="value"></param>
 <param name="encoding"></param>
 <returns></returns>
</member>
<member name="M:Microsoft.VisualBasic.Data.IO.BinaryDataWriter.WriteDwordLengthPrefixString(System.String,System.Text.Encoding)">
 <summary>
 4 + size
 </summary>
 <param name="value"></param>
 <param name="encoding"></param>
 <returns></returns>
</member>
<member name="M:Microsoft.VisualBasic.Data.IO.BinaryDataWriter.WriteZeroTerminatedString(System.String,System.Text.Encoding)">
 <summary>
 size + 1
 </summary>
 <param name="value"></param>
 <param name="encoding"></param>
 <returns></returns>
</member>
<member name="M:Microsoft.VisualBasic.Data.IO.BinaryDataWriter.WriteNoPrefixOrTerminationString(System.String,System.Text.Encoding)">
 <summary>
 size
 </summary>
 <param name="value"></param>
 <param name="encoding"></param>
 <returns></returns>
</member>
<member name="T:Microsoft.VisualBasic.Data.IO.BinaryDateTimeFormat">
 <summary>
 Represents the set of formats of binary date and time encodings.
 </summary>
</member>
<member name="F:Microsoft.VisualBasic.Data.IO.BinaryDateTimeFormat.CTime">
 <summary>
 The <see cref="T:System.DateTime"/> has the time_t format of the C library.
 </summary>
</member>
<member name="F:Microsoft.VisualBasic.Data.IO.BinaryDateTimeFormat.NetTicks">
 <summary>
 The <see cref="T:System.DateTime"/> is stored as the ticks of a .NET <see cref="T:System.DateTime"/> instance.
 </summary>
</member>
<member name="T:Microsoft.VisualBasic.Data.IO.BinaryStringFormat">
 <summary>
 Represents the set of formats of binary string encodings.
 </summary>
</member>
<member name="F:Microsoft.VisualBasic.Data.IO.BinaryStringFormat.ByteLengthPrefix">
 <summary>
 The string has a prefix of 1 byte determining the length of the string and no postfix.
 </summary>
</member>
<member name="F:Microsoft.VisualBasic.Data.IO.BinaryStringFormat.WordLengthPrefix">
 <summary>
 The string has a prefix of 2 bytes determining the length of the string and no postfix.
 </summary>
</member>
<member name="F:Microsoft.VisualBasic.Data.IO.BinaryStringFormat.DwordLengthPrefix">
 <summary>
 The string has a prefix of 4 bytes determining the length of the string and no postfix.
 (<see cref="T:System.Int32"/>)
 </summary>
</member>
<member name="F:Microsoft.VisualBasic.Data.IO.BinaryStringFormat.UInt32LengthPrefix">
 <summary>
 The string has a prefix of 4 bytes determining the length of the string and no postfix.
 (<see cref="T:System.UInt32"/>)
 </summary>
</member>
<member name="F:Microsoft.VisualBasic.Data.IO.BinaryStringFormat.ZeroTerminated">
 <summary>
 The string has no prefix and is terminated with a byte of the value 0.
 </summary>
</member>
<member name="F:Microsoft.VisualBasic.Data.IO.BinaryStringFormat.NoPrefixOrTermination">
 <summary>
 The string has neither prefix nor postfix. This format is only valid for writing strings. For reading
 strings, the length has to be specified manually.
 (经常使用这种模式用于写入Magic Header字符串)
 </summary>
</member>
<member name="T:Microsoft.VisualBasic.Data.IO.ByteOrder">
 <summary>
 Represents the possible endianness of binary data.
 </summary>
</member>
<member name="F:Microsoft.VisualBasic.Data.IO.ByteOrder.BigEndian">
 <summary>
 The binary data is present in big endian.
 
 (network byte order)
 </summary>
</member>
<member name="F:Microsoft.VisualBasic.Data.IO.ByteOrder.LittleEndian">
 <summary>
 The binary data is present in little endian.
 </summary>
</member>
<member name="T:Microsoft.VisualBasic.Data.IO.ByteOrderHelper">
 <summary>
 Represents helper methods to handle data byte order.
 </summary>
</member>
<member name="P:Microsoft.VisualBasic.Data.IO.ByteOrderHelper.SystemByteOrder">
 <summary>
 Gets the <see cref="T:Microsoft.VisualBasic.Data.IO.ByteOrder"/> of the system executing the assembly.
 </summary>
 <remarks>
 当这个属性返回<see cref="F:Microsoft.VisualBasic.Data.IO.ByteOrder.LittleEndian"/>的时候，networkByteOrder需要对数据进行反转
 </remarks>
</member>
<member name="T:Microsoft.VisualBasic.Data.IO.Offset">
 <summary>
 Represents a space of 4 bytes reserved in the underlying stream of a <see cref="T:Microsoft.VisualBasic.Data.IO.BinaryDataWriter"/> which can
 be comfortably satisfied later on.
 </summary>
</member>
<member name="M:Microsoft.VisualBasic.Data.IO.Offset.#ctor(Microsoft.VisualBasic.Data.IO.BinaryDataWriter)">
 <summary>
 Initializes a new instance of the <see cref="T:Microsoft.VisualBasic.Data.IO.Offset"/> class reserving an offset with the specified
 <see cref="T:Microsoft.VisualBasic.Data.IO.BinaryDataWriter"/> at the current position.
 </summary>
 <param name="writer">The <see cref="T:Microsoft.VisualBasic.Data.IO.BinaryDataWriter"/> holding the stream in which the offset will be
 reserved.</param>
</member>
<member name="P:Microsoft.VisualBasic.Data.IO.Offset.Writer">
 <summary>
 Gets the <see cref="T:Microsoft.VisualBasic.Data.IO.BinaryDataWriter"/> in which underlying stream the allocation is made.
 </summary>
</member>
<member name="P:Microsoft.VisualBasic.Data.IO.Offset.Position">
 <summary>
 Gets the address at which the allocation is made.
 </summary>
</member>
<member name="M:Microsoft.VisualBasic.Data.IO.Offset.Satisfy">
 <summary>
 Satisfies the offset by writing the current position of the underlying stream at the reserved
 <see cref="P:Microsoft.VisualBasic.Data.IO.Offset.Position"/>, then seeking back to the current position.
 </summary>
</member>
<member name="T:Microsoft.VisualBasic.Data.IO.SeekTask">
 <summary>
 Represents a temporary seek to another position which is undone after the task has been disposed.
 </summary>
</member>
<member name="P:Microsoft.VisualBasic.Data.IO.SeekTask.Stream">
 <summary>
 Gets the <see cref="P:Microsoft.VisualBasic.Data.IO.SeekTask.Stream"/> which is temporarily sought to another position.
 </summary>
</member>
<member name="P:Microsoft.VisualBasic.Data.IO.SeekTask.PreviousPosition">
 <summary>
 Gets the absolute position to which the <see cref="P:Microsoft.VisualBasic.Data.IO.SeekTask.Stream"/> will be rewound after this task is disposed.
 </summary>
</member>
<member name="M:Microsoft.VisualBasic.Data.IO.SeekTask.#ctor(System.IO.Stream,System.Int64,System.IO.SeekOrigin)">
 <summary>
 Initializes a new instance of the <see cref="T:Microsoft.VisualBasic.Data.IO.SeekTask"/> class to temporarily seek the given
 <see cref="P:Microsoft.VisualBasic.Data.IO.SeekTask.Stream"/> to the specified position. The <see cref="T:System.IO.Stream"/> is rewound to its
 previous position after the task is disposed.
 </summary>
 <param name="stream">A <see cref="T:System.IO.Stream"/> to temporarily seek.</param>
 <param name="offset">A byte offset relative to the origin parameter.</param>
 <param name="origin">A value of type <see cref="T:System.IO.SeekOrigin"/> indicating the reference point used to obtain
 the new position.</param>
</member>
<member name="M:Microsoft.VisualBasic.Data.IO.SeekTask.Dispose">
 <summary>
 Rewinds the <see cref="P:Microsoft.VisualBasic.Data.IO.SeekTask.Stream"/> to its previous position.
 </summary>
</member>
<member name="M:Microsoft.VisualBasic.Data.IO.Xdr.XdrEncoding.DecodeInt32(Microsoft.VisualBasic.Data.IO.IByteReader)">
 <summary>
 Decodes the Int32.
 http://tools.ietf.org/html/rfc4506#section-4.1
 </summary>
</member>
<member name="M:Microsoft.VisualBasic.Data.IO.Xdr.XdrEncoding.EncodeInt32(System.Int32,Microsoft.VisualBasic.Data.IO.IByteWriter)">
 <summary>
 Encodes the Int32.
 http://tools.ietf.org/html/rfc4506#section-4.1
 </summary>
</member>
<member name="M:Microsoft.VisualBasic.Data.IO.Xdr.XdrEncoding.DecodeUInt32(Microsoft.VisualBasic.Data.IO.IByteReader)">
 <summary>
 Decodes the UInt32.
 http://tools.ietf.org/html/rfc4506#section-4.2
 </summary>
</member>
<member name="M:Microsoft.VisualBasic.Data.IO.Xdr.XdrEncoding.EncodeUInt32(System.UInt32,Microsoft.VisualBasic.Data.IO.IByteWriter)">
 <summary>
 Encodes the UInt32.
 http://tools.ietf.org/html/rfc4506#section-4.2
 </summary>
</member>
<member name="M:Microsoft.VisualBasic.Data.IO.Xdr.XdrEncoding.DecodeInt64(Microsoft.VisualBasic.Data.IO.IByteReader)">
 <summary>
 Decodes the Int64.
 http://tools.ietf.org/html/rfc4506#section-4.5
 </summary>
</member>
<member name="M:Microsoft.VisualBasic.Data.IO.Xdr.XdrEncoding.EncodeInt64(System.Int64,Microsoft.VisualBasic.Data.IO.IByteWriter)">
 <summary>
 Encodes the Int64.
 http://tools.ietf.org/html/rfc4506#section-4.5
 </summary>
</member>
<member name="M:Microsoft.VisualBasic.Data.IO.Xdr.XdrEncoding.DecodeUInt64(Microsoft.VisualBasic.Data.IO.IByteReader)">
 <summary>
 Decodes the UInt64.
 http://tools.ietf.org/html/rfc4506#section-4.5
 </summary>
</member>
<member name="M:Microsoft.VisualBasic.Data.IO.Xdr.XdrEncoding.EncodeUInt64(System.UInt64,Microsoft.VisualBasic.Data.IO.IByteWriter)">
 <summary>
 Encodes the UInt64.
 http://tools.ietf.org/html/rfc4506#section-4.5
 </summary>
</member>
<member name="M:Microsoft.VisualBasic.Data.IO.Xdr.XdrEncoding.DecodeSingle(Microsoft.VisualBasic.Data.IO.IByteReader)">
 <summary>
 Decodes the Single.
 http://tools.ietf.org/html/rfc4506#section-4.6
 </summary>
</member>
<member name="M:Microsoft.VisualBasic.Data.IO.Xdr.XdrEncoding.EncodeSingle(System.Single,Microsoft.VisualBasic.Data.IO.IByteWriter)">
 <summary>
 Encodes the Single.
 http://tools.ietf.org/html/rfc4506#section-4.6
 </summary>
</member>
<member name="M:Microsoft.VisualBasic.Data.IO.Xdr.XdrEncoding.DecodeDouble(Microsoft.VisualBasic.Data.IO.IByteReader)">
 <summary>
 Decodes the Double.
 http://tools.ietf.org/html/rfc4506#section-4.7
 </summary>
</member>
<member name="M:Microsoft.VisualBasic.Data.IO.Xdr.XdrEncoding.EncodeDouble(System.Double,Microsoft.VisualBasic.Data.IO.IByteWriter)">
 <summary>
 Encodes the Double.
 http://tools.ietf.org/html/rfc4506#section-4.7
 </summary>
</member>
</members>
</doc>
