﻿<?xml version="1.0"?>
<doc>
<assembly>
<name>
Microsoft.VisualBasic.Data.GraphTheory
</name>
</assembly>
<members>
<member name="T:Microsoft.VisualBasic.Data.GraphTheory.My.Resources.Resources">
<summary>
  A strongly-typed resource class, for looking up localized strings, etc.
</summary>
</member>
<member name="P:Microsoft.VisualBasic.Data.GraphTheory.My.Resources.Resources.ResourceManager">
<summary>
  Returns the cached ResourceManager instance used by this class.
</summary>
</member>
<member name="P:Microsoft.VisualBasic.Data.GraphTheory.My.Resources.Resources.Culture">
<summary>
  Overrides the current thread's CurrentUICulture property for all
  resource lookups using this strongly typed resource class.
</summary>
</member>
<member name="T:Microsoft.VisualBasic.Data.GraphTheory.Analysis.Dijkstra.DijkstraRouter">
 <summary>
 ## Dijkstra:Shortest Route Calculation - Object Oriented
 
 > Michael Demeersseman, 4 Jan 2008
 > http://www.codeproject.com/Articles/22647/Dijkstra-Shortest-Route-Calculation-Object-Oriente
 </summary>
</member>
<member name="P:Microsoft.VisualBasic.Data.GraphTheory.Analysis.Dijkstra.DijkstraRouter.links">
 <summary>
 存在方向的
 </summary>
 <returns></returns>
</member>
<member name="M:Microsoft.VisualBasic.Data.GraphTheory.Analysis.Dijkstra.DijkstraRouter.#ctor(Microsoft.VisualBasic.Data.GraphTheory.Graph,System.Boolean)">
 <summary>
 Create a new Dijkstra shortest path router model
 </summary>
</member>
<member name="M:Microsoft.VisualBasic.Data.GraphTheory.Analysis.Dijkstra.DijkstraRouter.GetLocation(System.String)">
 <summary>
 Get graph node element by label id
 </summary>
 <param name="label$"></param>
 <returns></returns>
</member>
<member name="M:Microsoft.VisualBasic.Data.GraphTheory.Analysis.Dijkstra.DijkstraRouter.CalculateMinCost(Microsoft.VisualBasic.Data.GraphTheory.Vertex)">
 <summary>
 Calculates the shortest route to all the other locations.
 (这个函数会枚举出从出发点<paramref name="startPos"/>到网络之中的所有节点的最短路径)
 </summary>
 <param name="startPos"></param>
 <returns>List of all locations and their shortest route</returns>
</member>
<member name="T:Microsoft.VisualBasic.Data.GraphTheory.Analysis.Dijkstra.Calculator`1">
 <summary>
 calculates all-pairs shortest paths or shortest paths from a single node
 </summary>
 <typeparam name="Link"></typeparam>
</member>
<member name="M:Microsoft.VisualBasic.Data.GraphTheory.Analysis.Dijkstra.Calculator`1.#ctor(System.Int32,System.Collections.Generic.IEnumerable{`0},System.Func{`0,System.Double},System.Func{`0,System.Double},System.Func{`0,System.Double})">
 <summary>
 
 </summary>
 <param name="n">number of nodes</param>
 <param name="es">array of edges</param>
 <param name="getSourceIndex"></param>
 <param name="getTargetIndex"></param>
 <param name="getLength"></param>
</member>
<member name="M:Microsoft.VisualBasic.Data.GraphTheory.Analysis.Dijkstra.Calculator`1.DistanceMatrix">
 <summary>
 compute shortest paths for graph over n nodes with edges an array of source/target pairs
 edges may optionally have a length attribute.  1 is the default.
 Uses Johnson's algorithm.
 </summary>
 <returns>return the distance matrix</returns>
</member>
<member name="M:Microsoft.VisualBasic.Data.GraphTheory.Analysis.Dijkstra.Calculator`1.DistancesFromNode(System.Int32)">
 <summary>
 get shortest paths from a specified start node
 </summary>
 <param name="start">start node index</param>
 <returns>array of path lengths</returns>
</member>
<member name="M:Microsoft.VisualBasic.Data.GraphTheory.Analysis.Dijkstra.Calculator`1.PathFromNodeToNodeWithPrevCost(System.Int32,System.Int32,System.Func{System.Int32,System.Int32,System.Int32,System.Double})">
 <summary>
 find shortest path from start to end, with the opportunity at
 each edge traversal to compute a custom cost based on the
 previous edge.  For example, to penalise bends.
 </summary>
 <param name="start"></param>
 <param name="[end]"></param>
 <param name="prevCost"></param>
 <returns></returns>
</member>
<member name="T:Microsoft.VisualBasic.Data.GraphTheory.Analysis.Dijkstra.Route">
 <summary>
 从出发点到终点所经过的路径
 </summary>
</member>
<member name="M:Microsoft.VisualBasic.Data.GraphTheory.Analysis.GraphAnalysis.FindShortestPath(Microsoft.VisualBasic.Data.GraphTheory.Analysis.Dijkstra.DijkstraRouter,System.String,System.String)">
 <summary>
 Calculation of the shortest path between x points
 </summary>
 <param name="finder"></param>
 <param name="start$"></param>
 <param name="ends$"></param>
 <returns></returns>
 <remarks>
 http://www.codeproject.com/Articles/22647/Dijkstra-Shortest-Route-Calculation-Object-Oriente
 </remarks>
</member>
<member name="M:Microsoft.VisualBasic.Data.GraphTheory.Analysis.GraphAnalysis.BetweennessCentrality(Microsoft.VisualBasic.Data.GraphTheory.Analysis.Dijkstra.DijkstraRouter)">
 <summary>
 中介中心度，计算经过一个点的最短路径的数量。经过一个点的最短路径的数量越多，就说明它的中介中心度越高。
 </summary>
 <returns></returns>
 
</member>
<member name="F:Microsoft.VisualBasic.Data.GraphTheory.Analysis.Louvain.Builder.global_edge">
 <summary>
 全局初始的临接表  只保存一次，永久不变，不参与后期运算
 </summary>
</member>
<member name="F:Microsoft.VisualBasic.Data.GraphTheory.Analysis.Louvain.Edge.v">
 <summary>
 v表示连接点的编号,w表示此边的权值
 </summary>
</member>
<member name="F:Microsoft.VisualBasic.Data.GraphTheory.Analysis.Louvain.Edge.next">
 <summary>
 next负责连接和此点相关的边
 </summary>
</member>
<member name="T:Microsoft.VisualBasic.Data.GraphTheory.Analysis.Louvain.LouvainCommunity">
 <summary>
 A fast algorithm To find communities In large network
 </summary>
 <remarks>
 Blondel V D, Guillaume J L, Lambiotte R, et al. Fast unfolding of communities in large networks[J]. Journal of Statistical Mechanics, 2008, 2008(10)155-168.
 </remarks>
</member>
<member name="F:Microsoft.VisualBasic.Data.GraphTheory.Analysis.Louvain.LouvainCommunity.n">
 <summary>
 number of vertex
 </summary>
</member>
<member name="F:Microsoft.VisualBasic.Data.GraphTheory.Analysis.Louvain.LouvainCommunity.m">
 <summary>
 number of edges
 </summary>
</member>
<member name="F:Microsoft.VisualBasic.Data.GraphTheory.Analysis.Louvain.LouvainCommunity.cluster">
 <summary>
 community
 </summary>
</member>
<member name="F:Microsoft.VisualBasic.Data.GraphTheory.Analysis.Louvain.LouvainCommunity.edge">
 <summary>
 邻接表
 </summary>
</member>
<member name="F:Microsoft.VisualBasic.Data.GraphTheory.Analysis.Louvain.LouvainCommunity.head">
 <summary>
 头节点下标
 </summary>
</member>
<member name="F:Microsoft.VisualBasic.Data.GraphTheory.Analysis.Louvain.LouvainCommunity.top">
 <summary>
 已用E的个数
 </summary>
</member>
<member name="F:Microsoft.VisualBasic.Data.GraphTheory.Analysis.Louvain.LouvainCommunity.resolution">
 <summary>
 1/2m 全局不变
 </summary>
</member>
<member name="F:Microsoft.VisualBasic.Data.GraphTheory.Analysis.Louvain.LouvainCommunity.node_weight">
 <summary>
 节点的权重值
 </summary>
</member>
<member name="F:Microsoft.VisualBasic.Data.GraphTheory.Analysis.Louvain.LouvainCommunity.totalEdgeWeight">
 <summary>
 总边权值
 </summary>
</member>
<member name="F:Microsoft.VisualBasic.Data.GraphTheory.Analysis.Louvain.LouvainCommunity.cluster_weight">
 <summary>
 簇的权值
 </summary>
</member>
<member name="F:Microsoft.VisualBasic.Data.GraphTheory.Analysis.Louvain.LouvainCommunity.eps">
 <summary>
 误差
 </summary>
</member>
<member name="F:Microsoft.VisualBasic.Data.GraphTheory.Analysis.Louvain.LouvainCommunity.global_n">
 <summary>
 最初始的n
 </summary>
</member>
<member name="F:Microsoft.VisualBasic.Data.GraphTheory.Analysis.Louvain.LouvainCommunity.global_cluster">
 <summary>
 最后的结果，i属于哪个簇
 </summary>
</member>
<member name="F:Microsoft.VisualBasic.Data.GraphTheory.Analysis.Louvain.LouvainCommunity.new_edge">
 <summary>
 新的邻接表
 </summary>
</member>
<member name="F:Microsoft.VisualBasic.Data.GraphTheory.Analysis.Louvain.LouvainCommunity.maxIterations">
 <summary>
 最大迭代次数
 </summary>
</member>
<member name="M:Microsoft.VisualBasic.Data.GraphTheory.Analysis.Louvain.LouvainCommunity.TryMoveNode(System.Int32)">
 <summary>
 尝试将i加入某个簇
 </summary>
 <param name="i"></param>
 <returns></returns>
</member>
<member name="M:Microsoft.VisualBasic.Data.GraphTheory.Analysis.Louvain.LouvainCommunity.rebuildGraph">
 <summary>
 rebuild graph
 </summary>
</member>
<member name="T:Microsoft.VisualBasic.Data.GraphTheory.Analysis.PageRank.GraphMatrix">
 <summary>
 可以用来构建<see cref="T:Microsoft.VisualBasic.Data.GraphTheory.Analysis.PageRank.PageRank"/>计算所需要的index矩阵
 </summary>
</member>
<member name="M:Microsoft.VisualBasic.Data.GraphTheory.Analysis.PageRank.GraphMatrix.#ctor(Microsoft.VisualBasic.Data.GraphTheory.Graph)">
 <summary>
 
 </summary>
</member>
<member name="M:Microsoft.VisualBasic.Data.GraphTheory.Analysis.PageRank.GraphMatrix.GetEdgeCount">
 <summary>
 对于文本处理的时候，textrank的这部分数据可能会比较有用
 </summary>
 <returns></returns>
</member>
<member name="T:Microsoft.VisualBasic.Data.GraphTheory.Analysis.PageRank.PageRank">
 <summary>
 无权重的``pagerank``计算模块.(https://github.com/jeffersonhwang/pagerank)
 </summary>
</member>
<member name="M:Microsoft.VisualBasic.Data.GraphTheory.Analysis.PageRank.PageRank.#ctor(System.Collections.Generic.List{System.Int32}[],System.Double,System.Double,System.Int32)">
 <summary>
 ``outGoingLinks(i)`` contains the indices of the pages pointed to by page i.
 (每一行都是指向第i行的页面的index值的集合)
 </summary>
 <param name="linkMatrix"><see cref="T:Microsoft.VisualBasic.Data.GraphTheory.Analysis.PageRank.GraphMatrix"/></param>
 <param name="alpha"></param>
 <param name="convergence"></param>
 <param name="checkSteps"></param>
</member>
<member name="M:Microsoft.VisualBasic.Data.GraphTheory.Analysis.PageRank.PageRank.ComputePageRank">
 <summary>
 Convenience wrap for the link matrix transpose and the generator.
 See <see cref="M:Microsoft.VisualBasic.Data.GraphTheory.Analysis.PageRank.PageRank.PageRankGenerator(System.Collections.Generic.List{System.Int32}[],Microsoft.VisualBasic.Math.LinearAlgebra.Vector,System.Collections.Generic.List{System.Int32},System.Double,System.Double,System.Int32)"/> method for parameter descriptions
 </summary>
</member>
<member name="M:Microsoft.VisualBasic.Data.GraphTheory.Analysis.PageRank.PageRank.TransposeLinkMatrix(System.Collections.Generic.List{System.Int32}[])">
 <summary>
 Transposes the link matrix which contains the links from each page. 
 Returns a Tuple of:  
 
 + 1) pages pointing to a given page, 
 + 2) how many links each page contains, and
 + 3) which pages contain no links at all. 
 
 We want to know is which pages
 </summary>
 <param name="outGoingLinks">``outGoingLinks(i)`` contains the indices of the pages pointed to by page i</param>
 <returns>A tuple of (incomingLinks, numOutGoingLinks, leafNodes)</returns>
</member>
<member name="M:Microsoft.VisualBasic.Data.GraphTheory.Analysis.PageRank.PageRank.PageRankGenerator(System.Collections.Generic.List{System.Int32}[],Microsoft.VisualBasic.Math.LinearAlgebra.Vector,System.Collections.Generic.List{System.Int32},System.Double,System.Double,System.Int32)">
 <summary>
 Computes an approximate page rank vector of N pages to within some convergence factor.
 </summary>
 <param name="at">At a sparse square matrix with N rows. At[i] contains the indices of pages jj linking to i</param>
 <param name="leafNodes">contains the indices of pages without links</param>
 <param name="numLinks">iNumLinks[i] is the number of links going out from i.</param>
 <param name="alpha">a value between 0 and 1. Determines the relative importance of "stochastic" links.</param>
 <param name="convergence">a relative convergence criterion. Smaller means better, but more expensive.</param>
 <param name="checkSteps">check for convergence after so many steps</param>
</member>
<member name="T:Microsoft.VisualBasic.Data.GraphTheory.Analysis.PageRank.WeightedPRNode">
 <summary>
 Weighted pagerank node
 </summary>
</member>
<member name="M:Microsoft.VisualBasic.Data.GraphTheory.Analysis.PageRank.WeightedPRGraph.AddEdge(System.Int32,System.Int32,System.Double)">
 <summary>
 Link creates a weighted edge between a source-target node pair.
 If the edge already exists, the weight is incremented.
 </summary>
 <param name="i%">The source</param>
 <param name="j%">The target</param>
 <param name="weight#">Weight value of this edge, default is no weight.</param>
 <returns></returns>
</member>
<member name="M:Microsoft.VisualBasic.Data.GraphTheory.Analysis.PageRank.WeightedPRGraph.AddEdge(System.String,System.String,System.Double)">
 <summary>
 <paramref name="u"/>和<paramref name="v"/>都是<see cref="P:Microsoft.VisualBasic.Data.GraphTheory.Vertex.label"/>
 </summary>
 <param name="u"></param>
 <param name="v"></param>
 <param name="weight"></param>
 <returns></returns>
</member>
<member name="T:Microsoft.VisualBasic.Data.GraphTheory.Analysis.PageRank.WeightedPageRank">
 <summary>
 Package pagerank implements the **weighted** PageRank algorithm.
 </summary>
</member>
<member name="M:Microsoft.VisualBasic.Data.GraphTheory.Analysis.PageRank.WeightedPageRank.Rank(Microsoft.VisualBasic.Data.GraphTheory.Analysis.PageRank.WeightedPRGraph,System.Double,System.Double)">
 <summary>
 Package pagerank implements the **weighted** PageRank algorithm.
 
 Rank computes the PageRank of every node in the directed graph.
 This method will run as many iterations as needed, until the graph converges.
 </summary>
 <param name="a#">(alpha) Is the damping factor, usually set to 0.85.</param>
 <param name="e#">(epsilon) Is the convergence criteria, usually set to a tiny value.</param>
 <returns></returns>
 
</member>
<member name="T:Microsoft.VisualBasic.Data.GraphTheory.Dijkstra.PQDijkstra.DijkstraFast">
 <summary> 
 Implements a generalized Dijkstra's algorithm to calculate 
 both minimum distance and minimum path. 
 </summary> 
 <remarks> 
 For this algorithm, all nodes should be provided, and handled 
 in the delegate methods, including the start and finish nodes. 
 </remarks> 
</member>
<member name="T:Microsoft.VisualBasic.Data.GraphTheory.Dijkstra.PQDijkstra.DijkstraFast.NearbyNodesHint">
 <summary> 
 An optional delegate that can help optimize the algorithm 
 by showing it a subset of nodes to consider. Very useful 
 for limited connectivity graphs. (like pixels on a screen!) 
 </summary> 
 <param name="startingNode"> 
 The node that is being traveled away FROM. 
 </param> 
 <returns> 
 An array of nodes that might be reached from the  
 <paramref name="startingNode"/>. 
 </returns> 
</member>
<member name="T:Microsoft.VisualBasic.Data.GraphTheory.Dijkstra.PQDijkstra.DijkstraFast.InternodeTraversalCost">
 <summary> 
 Determines the cost of moving from a given node to another given node. 
 </summary> 
 <param name="start"> 
 The node being moved away from. 
 </param> 
 <param name="finish"> 
 The node that may be moved to. 
 </param> 
 <returns> 
 The cost of the transition from <paramref name="start"/> to 
 <paramref name="finish"/>, or <see cref="F:System.Int32.MaxValue"/> 
 if the transition is impossible (i.e. there is no edge between  
 the two nodes). 
 </returns> 
</member>
<member name="M:Microsoft.VisualBasic.Data.GraphTheory.Dijkstra.PQDijkstra.DijkstraFast.#ctor(System.Int32,Microsoft.VisualBasic.Data.GraphTheory.Dijkstra.PQDijkstra.DijkstraFast.InternodeTraversalCost,Microsoft.VisualBasic.Data.GraphTheory.Dijkstra.PQDijkstra.DijkstraFast.NearbyNodesHint)">
 <summary> 
 Creates an instance of the <see cref="N:Microsoft.VisualBasic.Data.GraphTheory.Dijkstra"/> class. 
 </summary> 
 <param name="totalNodeCount__1"> 
 The total number of nodes in the graph. 
 </param> 
 <param name="traversalCost__2"> 
 The delegate that can provide the cost of a transition between 
 any two nodes. 
 </param> 
 <param name="hint__3"> 
 An optional delegate that can provide a small subset of nodes 
 that a given node may be connected to. 
 </param> 
</member>
<member name="M:Microsoft.VisualBasic.Data.GraphTheory.Dijkstra.PQDijkstra.DijkstraFast.Results.#ctor(System.Int32[],System.Single[])">
 <summary> 
 Prepares a Dijkstra results package. 
 </summary> 
 <param name="minimumPath__1"> 
 The minimum path array, where each array element index corresponds  
 to a node designation, and the array element value is a pointer to 
 the node that should be used to travel to this one. 
 </param> 
 <param name="minimumDistance__2"> 
 The minimum distance from the starting node to the given node. 
 </param> 
</member>
<member name="F:Microsoft.VisualBasic.Data.GraphTheory.Dijkstra.PQDijkstra.DijkstraFast.Results.MinimumPath">
 The minimum path array, where each array element index corresponds  
 to a node designation, and the array element value is a pointer to 
 the node that should be used to travel to this one. 
</member>
<member name="F:Microsoft.VisualBasic.Data.GraphTheory.Dijkstra.PQDijkstra.DijkstraFast.Results.MinimumDistance">
 The minimum distance from the starting node to the given node. 
</member>
<member name="M:Microsoft.VisualBasic.Data.GraphTheory.Dijkstra.PQDijkstra.Finder.GetRelativePosition(System.Int32,System.Int32)">
 <summary>
 a function to get relative position from one node to another
 </summary>
 <param name="start"></param>
 <param name="finish"></param>
 <returns></returns>
</member>
<member name="M:Microsoft.VisualBasic.Data.GraphTheory.Dijkstra.PQDijkstra.PQDijkstraProvider.getInternodeTraversalCost(System.Int32,System.Int32)">
 <summary>
 get costs. If there is no connection, then cost is maximum.(»ñÈ¡)
 </summary>
 <param name="start"></param>
 <param name="finish"></param>
 <returns></returns>
 <remarks></remarks>
</member>
<member name="M:Microsoft.VisualBasic.Data.GraphTheory.Dijkstra.PQDijkstra.PQDijkstraProvider.GetNearbyNodes(System.Int32)">
 <summary>
 »ñÈ¡ÓëÄ¿±ê½ÚµãÖ±½ÓÏàÁÚµÄËùÓÐµÄ½ÚµãµÄ±àºÅ
 </summary>
 <param name="startingNode"></param>
 <returns></returns>
 <remarks></remarks>
</member>
<member name="M:Microsoft.VisualBasic.Data.GraphTheory.Dijkstra.PQDijkstra.PQDijkstraProvider.#ctor(System.Int32)">
 <summary>
 ÍøÂçÖ®ÖÐµÄ½ÚµãµÄ×ÜÊýÄ¿
 </summary>
 <param name="totalNodes"></param>
 <remarks></remarks>
</member>
<member name="M:Microsoft.VisualBasic.Data.GraphTheory.Extensions.VisitTree``1(Microsoft.VisualBasic.Data.GraphTheory.Tree{``0},System.Collections.Generic.IEnumerable{System.String})">
 <summary>
 Visit tree node by a given path token
 </summary>
 <typeparam name="T"></typeparam>
 <param name="tree"></param>
 <param name="path">Collection of <see cref="P:Microsoft.VisualBasic.Data.GraphTheory.Vertex.label"/></param>
 <returns></returns>
</member>
<member name="M:Microsoft.VisualBasic.Data.GraphTheory.Extensions.BacktrackingRoot``1(Microsoft.VisualBasic.Data.GraphTheory.Tree{``0})">
 <summary>
 Travel to root node from current tree node.
 </summary>
 <typeparam name="T"></typeparam>
 <param name="tree"></param>
 <returns></returns>
</member>
<member name="M:Microsoft.VisualBasic.Data.GraphTheory.Extensions.CreateGraph``2(Microsoft.VisualBasic.Data.GraphTheory.Tree{``0,``1})">
 <summary>
 Inline extension of function calls <see cref="M:Microsoft.VisualBasic.Data.GraphTheory.Extensions.Add``2(Microsoft.VisualBasic.Data.GraphTheory.Graph,Microsoft.VisualBasic.Data.GraphTheory.Tree{``0,``1})"/>
 </summary>
 <typeparam name="T"></typeparam>
 <typeparam name="K"></typeparam>
 <param name="tree"></param>
 <returns></returns>
</member>
<member name="M:Microsoft.VisualBasic.Data.GraphTheory.Extensions.Add``2(Microsoft.VisualBasic.Data.GraphTheory.Graph,Microsoft.VisualBasic.Data.GraphTheory.Tree{``0,``1})">
 <summary>
 Convert a tree to graph
 </summary>
 <typeparam name="T"></typeparam>
 <typeparam name="K"></typeparam>
 <param name="g"></param>
 <param name="tree"></param>
 <returns></returns>
</member>
<member name="M:Microsoft.VisualBasic.Data.GraphTheory.Extensions.Reverse(Microsoft.VisualBasic.Data.GraphTheory.VertexEdge)">
 <summary>
 Swap the location of <see cref="P:Microsoft.VisualBasic.Data.GraphTheory.Edge`1.U"/> and <see cref="P:Microsoft.VisualBasic.Data.GraphTheory.Edge`1.V"/> in <paramref name="edge"/>.
 </summary>
 <param name="edge"></param>
 <returns></returns>
 
</member>
<member name="M:Microsoft.VisualBasic.Data.GraphTheory.Extensions.Grid(System.ValueTuple{Microsoft.VisualBasic.ComponentModel.Ranges.Model.DoubleRange,Microsoft.VisualBasic.ComponentModel.Ranges.Model.DoubleRange},System.Drawing.SizeF)">
 <summary>
 Generate 2D grid data model by a given [x,y] range value.
 </summary>
 <param name="xy"></param>
 <param name="steps">如果这个参数为空的话，默认分为50份</param>
 <returns></returns>
</member>
<member name="T:Microsoft.VisualBasic.Data.GraphTheory.Edge`1">
 <summary>
 Direction: ``<see cref="P:Microsoft.VisualBasic.Data.GraphTheory.Edge`1.U"/> -> <see cref="P:Microsoft.VisualBasic.Data.GraphTheory.Edge`1.V"/>``.
 (节点之间的边)
 </summary>
 <remarks>
 如果边对象是一个有向边的话，那么<see cref="P:Microsoft.VisualBasic.Data.GraphTheory.Edge`1.U"/>就是父节点，<see cref="P:Microsoft.VisualBasic.Data.GraphTheory.Edge`1.V"/>就是<see cref="P:Microsoft.VisualBasic.Data.GraphTheory.Edge`1.U"/>的子节点
 </remarks>
</member>
<member name="P:Microsoft.VisualBasic.Data.GraphTheory.Edge`1.U">
 <summary>
 The source node
 </summary>
 <returns></returns>
</member>
<member name="P:Microsoft.VisualBasic.Data.GraphTheory.Edge`1.V">
 <summary>
 The target node
 </summary>
 <returns></returns>
</member>
<member name="P:Microsoft.VisualBasic.Data.GraphTheory.Edge`1.ID">
 <summary>
 ReadOnly unique-ID
 </summary>
 <returns></returns>
 <remarks>
 唯一标识符使用的是<see cref="P:Microsoft.VisualBasic.Data.GraphTheory.Edge`1.V"/>的ID属性，而不是使用Label生成的
 </remarks> 
</member>
<member name="T:Microsoft.VisualBasic.Data.GraphTheory.Graph">
 <summary>
 A graph ``G = (V, E)`` consists of a set V of vertices and a set E edges, that is, unordered
 pairs Of vertices. Unless explicitly stated otherwise, we assume that the graph Is simple,
 that Is, it has no multiple edges And no self-loops.
 </summary>
</member>
<member name="T:Microsoft.VisualBasic.Data.GraphTheory.Graph`3">
 <summary>
 A graph ``G = (V, E)`` consists of a set V of vertices and a set E edges, that is, unordered
 pairs Of vertices. Unless explicitly stated otherwise, we assume that the graph Is simple,
 that Is, it has no multiple edges And no self-loops.
 (使用迭代器来访问这个图之中的边连接的集合)
 </summary>
</member>
<member name="F:Microsoft.VisualBasic.Data.GraphTheory.Graph`3.vertices">
 <summary>
 <see cref="F:Microsoft.VisualBasic.Data.GraphTheory.Graph`3.vertices"/>和<see cref="F:Microsoft.VisualBasic.Data.GraphTheory.Graph`3.buffer"/>哈希表分别使用了两种属性来对节点进行索引的建立：
 
 + <see cref="F:Microsoft.VisualBasic.Data.GraphTheory.Graph`3.vertices"/>使用<see cref="P:Microsoft.VisualBasic.Data.GraphTheory.Vertex.label"/>来建立字符串索引
 + <see cref="F:Microsoft.VisualBasic.Data.GraphTheory.Graph`3.buffer"/>使用<see cref="P:Microsoft.VisualBasic.Data.GraphTheory.Vertex.ID"/>来建立指针的索引
 </summary>
</member>
<member name="F:Microsoft.VisualBasic.Data.GraphTheory.Graph`3.buffer">
 <summary>
 Visit nodes directly by index number
 </summary>
</member>
<member name="P:Microsoft.VisualBasic.Data.GraphTheory.Graph`3.size">
 <summary>
 ``[numof(vertex), numof(edges)]``
 </summary>
 <returns></returns>
</member>
<member name="P:Microsoft.VisualBasic.Data.GraphTheory.Graph`3.vertex">
 <summary>
 这个图之中的所有的节点的集合. 请注意，这个只读属性是一个枚举集合，
 所以为了减少性能上的损失，不可以过多的使用下标来访问集合元素
 </summary>
 <returns></returns>
</member>
<member name="P:Microsoft.VisualBasic.Data.GraphTheory.Graph`3.graphEdges">
 <summary>
 获取得到这个图中的所有的节点的边的集合，请注意，这个只读属性是一个枚举集合，
 所以为了减少性能上的损失，不可以过多的使用下标来访问集合元素
 </summary>
 <returns>
 因为在这里使用了一个<see cref="T:System.Collections.Generic.SortedDictionary`2"/>来进行
 存储，所以这个属性所返回的网络边连接的顺序与添加的时候的顺序会不一致
 </returns>
</member>
<member name="M:Microsoft.VisualBasic.Data.GraphTheory.Graph`3.GetConnectedVertex">
 <summary>
 返回所有至少具有一条边连接的节点的集合
 </summary>
 <returns></returns>
</member>
<member name="M:Microsoft.VisualBasic.Data.GraphTheory.Graph`3.AddVertex(`0)">
 <summary>
 <see cref="P:Microsoft.VisualBasic.Data.GraphTheory.Vertex.label"/> should contains its index value before this method was called.
 (如果已经存在目标ID的节点，则无操作)
 </summary>
 <param name="u"></param>
 <returns></returns>
</member>
<member name="M:Microsoft.VisualBasic.Data.GraphTheory.Graph`3.ExistVertex(System.String)">
 <summary>
 通过<see cref="P:Microsoft.VisualBasic.Data.GraphTheory.Vertex.label"/>作为主键进行查询目标节点是否存在于当前的图对象之中
 </summary>
 <param name="name"><see cref="P:Microsoft.VisualBasic.Data.GraphTheory.Vertex.label"/></param>
 <returns></returns>
</member>
<member name="M:Microsoft.VisualBasic.Data.GraphTheory.Graph`3.AddVertex(System.String)">
 <summary>
 假若目标<paramref name="label"/>已经存在于顶点列表<see cref="F:Microsoft.VisualBasic.Data.GraphTheory.Graph`3.vertices"/>之中，
 那么将不会添加新的节点而是直接返回原来已经存在的节点
 </summary>
 <param name="label$"></param>
 <returns></returns>
</member>
<member name="M:Microsoft.VisualBasic.Data.GraphTheory.Graph`3.AddEdges(System.String,System.String[])">
 <summary>
 这个函数使用起来比较方便，但是要求节点都必须要存在于列表之中
 </summary>
 <param name="src$"></param>
 <param name="targets$"></param>
 <returns></returns>
</member>
<member name="M:Microsoft.VisualBasic.Data.GraphTheory.Graph`3.AddEdge(System.String,System.String,System.Double)">
 <summary>
 <paramref name="u"/> and <paramref name="v"/> is the property ``<see cref="P:Microsoft.VisualBasic.Data.GraphTheory.Vertex.label"/>``
 </summary>
 <param name="u$"></param>
 <param name="v$"></param>
 <param name="weight#"></param>
 <returns></returns>
</member>
<member name="M:Microsoft.VisualBasic.Data.GraphTheory.Graph`3.CreateEdge(System.String,System.String,System.Double)">
 <summary>
 这个函数仅仅是使用图对象中的node数据来创建edge对象，并不会添加edge到图中的edge列表中
 </summary>
 <param name="u$"></param>
 <param name="v$"></param>
 <param name="weight#"></param>
 <returns></returns>
</member>
<member name="M:Microsoft.VisualBasic.Data.GraphTheory.Graph`3.Delete(`0,`0)">
 <summary>
 只会删除边，并不会删除节点<paramref name="U"/>和<paramref name="V"/>
 </summary>
 <param name="U"></param>
 <param name="V"></param>
 <returns></returns>
 
</member>
<member name="M:Microsoft.VisualBasic.Data.GraphTheory.Graph`3.GetEnumerator">
 <summary>
 因为图的主要关注点是放在节点对象的相互关系之上，所以在这里图对象是表现为一个边连接的集合
 </summary>
 <returns></returns>
</member>
<member name="T:Microsoft.VisualBasic.Data.GraphTheory.Vertex">
 <summary>
 图之中的节点
 </summary>
 
</member>
<member name="P:Microsoft.VisualBasic.Data.GraphTheory.Vertex.label">
 <summary>
 The unique id of this node
 </summary>
 <returns></returns>
</member>
<member name="P:Microsoft.VisualBasic.Data.GraphTheory.Vertex.ID">
 <summary>
 Array index.(使用数字表示的唯一标识符)
 </summary>
 <returns></returns>
</member>
<member name="T:Microsoft.VisualBasic.Data.GraphTheory.Grid">
 <summary>
 网格也可以看作为一种网络
 </summary>
</member>
<member name="M:Microsoft.VisualBasic.Data.GraphTheory.Grid.#ctor(System.Drawing.Size,System.Drawing.SizeF)">
 <summary>
 
 </summary>
 <param name="size">实际的物理大小，而非网格之中的单元格数量</param>
 <param name="steps"></param>
</member>
<member name="M:Microsoft.VisualBasic.Data.GraphTheory.Grid.Index(System.Double,System.Double)">
 <summary>
 返回数据点在网格之中的``X,Y``方格的顶点编号
 </summary>
 <returns></returns>
</member>
<member name="M:Microsoft.VisualBasic.Data.GraphTheory.Grid.Index(System.Drawing.PointF)">
 <summary>
 返回数据点在网格之中的``X,Y``方格的顶点编号
 </summary>
 <param name="p"></param>
 <returns></returns>
</member>
<member name="T:Microsoft.VisualBasic.Data.GraphTheory.Grid`1">
 <summary>
 a generic grid graph for fast query of the 2D geometry data
 </summary>
 <typeparam name="T"></typeparam>
</member>
<member name="F:Microsoft.VisualBasic.Data.GraphTheory.Grid`1.matrix2D">
 <summary>
 [x => [y => pixel]]
 </summary>
</member>
<member name="P:Microsoft.VisualBasic.Data.GraphTheory.Grid`1.size">
 <summary>
 counts of all non-empty cell.
 </summary>
 <returns></returns>
</member>
<member name="M:Microsoft.VisualBasic.Data.GraphTheory.Grid`1.#ctor(System.Collections.Generic.IEnumerable{Microsoft.VisualBasic.Data.GraphTheory.GridCell{`0}},System.Func{`0,System.Drawing.Point})">
 <summary>
 this constructor will removed duplicated pixels
 </summary>
 <param name="points"></param>
</member>
<member name="M:Microsoft.VisualBasic.Data.GraphTheory.Grid`1.EnumerateData">
 <summary>
 populate all of the cell data in current grid graph
 </summary>
 <returns></returns>
</member>
<member name="M:Microsoft.VisualBasic.Data.GraphTheory.Grid`1.GetData(System.Int32,System.Int32,System.Boolean@)">
 <summary>
 get target cell data via a given pixel point
 </summary>
 <param name="x"></param>
 <param name="y"></param>
 <param name="hit"></param>
 <returns>
 nothing will be returns if there is no data on the given ``[x,y]`` pixel point.
 </returns>
</member>
<member name="M:Microsoft.VisualBasic.Data.GraphTheory.Grid`1.Query(System.Int32,System.Int32,System.Int32)">
 <summary>
 get a range of nearby cell data via a given pixel point data 
 and query size of the cell block rectangle.
 </summary>
 <param name="x"></param>
 <param name="y"></param>
 <param name="gridSize"></param>
 <returns></returns>
 
</member>
<member name="M:Microsoft.VisualBasic.Data.GraphTheory.Grid`1.Create(System.Collections.Generic.IEnumerable{`0},System.Func{`0,System.Drawing.Point})">
 <summary>
 duplicated pixels will be removed from this constructor function
 </summary>
 <param name="data"></param>
 <param name="getPixel"></param>
 <returns></returns>
 
</member>
<member name="P:Microsoft.VisualBasic.Data.GraphTheory.GridCell`1.index">
 <summary>
 二维数组之中的索引 
 </summary>
 <returns></returns>
</member>
<member name="T:Microsoft.VisualBasic.Data.GraphTheory.TimeSerialsGraph">
 <summary>
 随时间变化的网络图
 </summary>
</member>
<member name="P:Microsoft.VisualBasic.Data.GraphTheory.AbstractTree`2.Childs">
 <summary>
 Childs table, key is the property <see cref="P:Microsoft.VisualBasic.Data.GraphTheory.Vertex.label"/>
 </summary>
 <returns></returns>
</member>
<member name="P:Microsoft.VisualBasic.Data.GraphTheory.AbstractTree`2.Parent">
 <summary>
 
 </summary>
 <returns></returns>
 <remarks>
 在序列化之中会需要忽略掉这个属性，否则会产生无限递归
 </remarks>
</member>
<member name="P:Microsoft.VisualBasic.Data.GraphTheory.AbstractTree`2.Count">
 <summary>
 Not null child count in this tree node.
 </summary>
 <returns></returns>
 <remarks>
 请注意，这个属性并不是返回的<see cref="P:Microsoft.VisualBasic.Data.GraphTheory.AbstractTree`2.Childs"/>的元素数量，
 而是返回当前树节点下的所有的子节点的数量
 </remarks>
</member>
<member name="M:Microsoft.VisualBasic.Data.GraphTheory.AbstractTree`2.EnumerateChilds">
 <summary>
 Returns the values of <see cref="P:Microsoft.VisualBasic.Data.GraphTheory.AbstractTree`2.Childs"/>
 </summary>
 <returns></returns>
</member>
<member name="M:Microsoft.VisualBasic.Data.GraphTheory.AbstractTree`2.CountLeafs">
 <summary>
 计算出所有的叶节点的总数，包括自己的child的叶节点
 </summary>
 <returns></returns>
 
</member>
<member name="M:Microsoft.VisualBasic.Data.GraphTheory.AbstractTree`2.CountLeafs(`0,System.Int32)">
 <summary>
 对某一个节点的所有的叶节点进行计数
 </summary>
 <param name="node"></param>
 <param name="count"></param>
 <returns></returns>
</member>
<member name="T:Microsoft.VisualBasic.Data.GraphTheory.KdTree.ApproximateNearNeighbor">
 <summary>
 K Nearest Neighbour Search
 
 Uses a kd-tree to find the p number of near neighbours for each point in an input/output dataset.
 </summary>
</member>
<member name="M:Microsoft.VisualBasic.Data.GraphTheory.KdTree.ApproximateNearNeighbor.Push``1(System.Collections.Generic.List{Microsoft.VisualBasic.Data.GraphTheory.KdTree.KdNodeHeapItem{``0}},Microsoft.VisualBasic.Data.GraphTheory.KdTree.KdNodeHeapItem{``0})">
 <summary>
 add new item with check duplicated item
 </summary>
 <typeparam name="T"></typeparam>
 <param name="list"></param>
 <param name="item"></param>
</member>
<member name="M:Microsoft.VisualBasic.Data.GraphTheory.KdTree.VectorAccessor.#ctor(System.Int32)">
 <summary>
 create an accessor for access the n-dimension vector
 </summary>
 <param name="m"></param>
</member>
<member name="M:Microsoft.VisualBasic.Data.GraphTheory.KdTree.KdNodeAccessor`1.metric(`0,`0)">
 <summary>
 measuring of the node distance
 </summary>
 <param name="a"></param>
 <param name="b"></param>
 <returns></returns>
</member>
<member name="M:Microsoft.VisualBasic.Data.GraphTheory.KdTree.KdNodeAccessor`1.activate">
 <summary>
 create a new instance of target object
 </summary>
 <returns></returns>
</member>
<member name="T:Microsoft.VisualBasic.Data.GraphTheory.KdTree.KdTree`1">
 <summary>
 KDTree is a class supporting KD-tree insertion, deletion, equality search,
 range search, and nearest neighbor(s) using double-precision floating-point
 keys. Splitting dimension is chosen naively, by depth modulo K. Semantics are
 as follows:
 
 + Two different keys containing identical numbers should retrieve the same
 value from a given KD-tree. Therefore keys are cloned when a node is
 inserted. 
 + As with Hashtables, values inserted into a KD-tree are <I>not</I> cloned.
 Modifying a value between insertion and retrieval will therefore modify the
 value stored in the tree.
 
 @author Simon Levy, Bjoern Heckel
 @version %I%, %G%
 @since JDK1.2
 </summary>
</member>
<member name="F:Microsoft.VisualBasic.Data.GraphTheory.KdTree.KdTree`1.dimensions">
 <summary>
 
 </summary>
</member>
<member name="P:Microsoft.VisualBasic.Data.GraphTheory.KdTree.KdTree`1.dimSize">
 <summary>
 how many dimensions we're working with here
 </summary>
 <returns></returns>
</member>
<member name="P:Microsoft.VisualBasic.Data.GraphTheory.KdTree.KdTree`1.counts">
 <summary>
 total number of nodes 
 </summary>
 <returns></returns>
</member>
<member name="M:Microsoft.VisualBasic.Data.GraphTheory.KdTree.KdTree`1.nearest(`0,System.Int32,System.Nullable{System.Double})">
 <summary>
 Find KD-tree node whose key is identical to key. Uses algorithm
 translated from 352.srch.c of Gonnet &amp; Baeza-Yates.
 </summary>
 <param name="point">
 key for KD-tree node
 </param>
 <param name="maxDistance"></param>
 <param name="maxNodes">
 k
 </param>
 <returns></returns>
</member>
<member name="M:Microsoft.VisualBasic.Data.GraphTheory.KdTree.KdTree`1.nearestSearch(Microsoft.VisualBasic.Data.GraphTheory.KdTree.KdTreeNode{`0},Microsoft.VisualBasic.Data.GraphTheory.KdTree.KdTreeNode{`0},System.Int32,Microsoft.VisualBasic.Language.List{Microsoft.VisualBasic.Data.GraphTheory.KdTree.KdNodeHeapItem{`0}},System.Int32)">
 <summary>
 
 </summary>
 <param name="point">
 the user query target point
 </param>
 <param name="node">
 the parent node for search
 </param>
 <param name="result"></param>
 <param name="maxNodes"></param>
</member>
<member name="T:Microsoft.VisualBasic.Data.GraphTheory.KdTree.KdTreeNode`1">
 <summary>
 K-D Tree node class
 </summary>
 <typeparam name="T"></typeparam>
</member>
<member name="P:Microsoft.VisualBasic.Data.GraphTheory.KdTree.KdTreeNode`1.data">
 <summary>
 payload
 </summary>
 <returns></returns>
</member>
<member name="P:Microsoft.VisualBasic.Data.GraphTheory.KdTree.KdTreeNode`1.dimension">
 <summary>
 axis dimension
 </summary>
 <returns></returns>
</member>
<member name="T:Microsoft.VisualBasic.Data.GraphTheory.TermTree`1">
 <summary>
 A tree with string term as key
 </summary>
 
</member>
<member name="M:Microsoft.VisualBasic.Data.GraphTheory.TermTree`1.Add(System.String,`0)">
 <summary>
 
 </summary>
 <param name="path">Path tokens should seperated with delimiter ``/``.</param>
 <param name="value"></param>
 <returns></returns>
</member>
<member name="T:Microsoft.VisualBasic.Data.GraphTheory.Tree`2">
 <summary>
 Tree node with data..(可以直接被使用的树对象类型)
 </summary>
 <typeparam name="T"></typeparam>
 
</member>
<member name="T:Microsoft.VisualBasic.Data.GraphTheory.Tree`1">
 <summary>
 使用字符串<see cref="T:System.String"/>作为键名的树节点
 </summary>
 <typeparam name="T"></typeparam>
 <remarks>
 在这里如果直接继承<see cref="T:Microsoft.VisualBasic.Data.GraphTheory.Tree`2"/>类型的话，会导致child的类型错误
 </remarks>
</member>
<member name="M:Microsoft.VisualBasic.Data.GraphTheory.Tree`1.Add(Microsoft.VisualBasic.Data.GraphTheory.Tree{`0})">
 <summary>
 add target <paramref name="child"/> node into current childs 
 collection and the assign the target <paramref name="child"/> 
 parent to current node.
 </summary>
 <param name="child"></param>
 <returns></returns>
</member>
<member name="T:Microsoft.VisualBasic.Data.GraphTheory.Trie">
 <summary>
 朴素字典树（Trie）
 </summary>
</member>
<member name="M:Microsoft.VisualBasic.Data.GraphTheory.Trie.Add(System.String)">
 <summary>
 建立字典树
 </summary>
 <param name="word"></param>
 <returns></returns>
</member>
<member name="M:Microsoft.VisualBasic.Data.GraphTheory.Trie.PopulateWordsByPrefix(System.String)">
 <summary>
 populate words by a given prefix string.
 </summary>
 <param name="prefix">The prefix string</param>
 <returns></returns>
</member>
<member name="M:Microsoft.VisualBasic.Data.GraphTheory.Trie.Contains(System.String)">
 <summary>
 查找某一个单词或者前缀是否在这颗字典树之中
 </summary>
 <param name="word"></param>
 <returns></returns>
</member>
<member name="M:Microsoft.VisualBasic.Data.GraphTheory.Trie.Count(System.String)">
 <summary>
 获取某一个单词/前缀在字典树之中的计数
 </summary>
 <param name="word"></param>
 <returns></returns>
</member>
<member name="T:Microsoft.VisualBasic.Data.GraphTheory.CharacterNode">
 <summary>
 在字典树之中，一个字母构成一个节点
 </summary>
</member>
<member name="P:Microsoft.VisualBasic.Data.GraphTheory.CharacterNode.Ends">
 <summary>
 以这个字符结束的单词的数目
 </summary>
 <returns></returns>
</member>
<member name="T:Microsoft.VisualBasic.Data.GraphTheory.NamespaceDoc">
 <summary>
 图对象的操作API，并不包括有I/O操作函数，这个模块仅仅是提供对象的逻辑操作的方法集合
 </summary>
</member>
<member name="T:Microsoft.VisualBasic.Data.GraphTheory.Network.Extensions">
 <summary>
 Graph network api module extensions
 </summary>
</member>
<member name="M:Microsoft.VisualBasic.Data.GraphTheory.Network.Extensions.EndPoints``2(Microsoft.VisualBasic.Data.GraphTheory.Network.NetworkGraph{``0,``1})">
 <summary>
 查找出网络模型之中可能的网络端点
 </summary>
 <param name="network"></param>
 <returns></returns>
</member>
<member name="M:Microsoft.VisualBasic.Data.GraphTheory.Network.Extensions.IteratesSubNetworks``3(Microsoft.VisualBasic.Data.GraphTheory.Network.NetworkGraph{``0,``1},System.Boolean)">
 <summary>
 枚举出所输入的网络数据模型之中的所有互不相连的子网络
 </summary>
 <param name="network"></param>
 <returns></returns>
</member>
<member name="T:Microsoft.VisualBasic.Data.GraphTheory.Network.NamespaceDoc">
 <summary>
 在这个命名空间之中包含有网络的数据模型API，网络布局，I/O和可视化模块都保留在gr模块之中
 </summary>
</member>
<member name="T:Microsoft.VisualBasic.Data.GraphTheory.Network.NetworkGraph`2">
 <summary>
 The base type of the network graph
 </summary>
 <typeparam name="Node"></typeparam>
 <typeparam name="Edge"></typeparam>
</member>
<member name="M:Microsoft.VisualBasic.Data.GraphTheory.Network.NetworkGraph`2.#ctor(System.Collections.Generic.IEnumerable{`0},System.Collections.Generic.IEnumerable{`1})">
 <summary>
 Network model copy
 </summary>
 <param name="nodes"></param>
 <param name="edges"></param>
</member>
<member name="T:Microsoft.VisualBasic.Data.GraphTheory.Network.Node">
 <summary>
 A network node model
 </summary>
</member>
<member name="P:Microsoft.VisualBasic.Data.GraphTheory.Network.Node.degree">
 <summary>
 Node connection counts: [point_to_this_node, point_from_this_node]
 </summary>
 <returns></returns>
</member>
<member name="M:Microsoft.VisualBasic.Data.GraphTheory.Utils.Build``2(Microsoft.VisualBasic.Data.GraphTheory.Tree{``0,``1})">
 <summary>
 Tree to string
 </summary>
 <typeparam name="T"></typeparam>
 <param name="tree"></param>
 <returns></returns>
</member>
<member name="M:Microsoft.VisualBasic.Data.GraphTheory.Utils.Summary``2(Microsoft.VisualBasic.Data.GraphTheory.Tree{``0,``1},System.Reflection.PropertyInfo[])">
 <summary>
 Summary this tree model its nodes as csv table
 </summary>
 <typeparam name="T"></typeparam>
 <param name="tree"></param>
 <param name="schema"></param>
 <returns></returns>
</member>
<member name="M:Microsoft.VisualBasic.Data.GraphTheory.Utils.SummaryMe``2(Microsoft.VisualBasic.Data.GraphTheory.Tree{``0,``1},System.Reflection.PropertyInfo[])">
 <summary>
 这个函数不会对<see cref="P:Microsoft.VisualBasic.Data.GraphTheory.AbstractTree`2.Childs"/>进行递归
 </summary>
 <typeparam name="T"></typeparam>
 <param name="this"></param>
 <param name="schema"></param>
 <returns></returns>
</member>
</members>
</doc>
