{
  "Author": "Who wrote it",
  "Date": null,
  "Description": "More about what it does (maybe more than one line)\r\n    Use four spaces when indenting paragraphs within the Description.",
  "License": "What license is it under?",
  "Maintainer": "The package maintainer <yourself@somewhere.net>",
  "Package": "graphQL",
  "Title": "What the Package Does (Title Case)",
  "Type": "Package",
  "Version": "0.1.0",
  "meta": {
    "Encoding": "UTF-8",
    "LazyData": "true",
    "builtTime": "3\/6\/2022 5:23:57 PM"
  }
}
