ID,NodeType,weight,x,y,color,PageRank,degree,degree.in,degree.out,label
0r,,1,0,0,#000000,0.000262921946937468,,,,0r
1l,,1,0,0,#000000,4.23649894382745E-05,,,,1l
abs,,1,0,0,#000000,0.000102998691624176,,,,abs
accessor,,1,0,0,#000000,0.000175994433187509,,,,accessor
activator,,1,0,0,#000000,0.00016239024683348,,,,activator
activeposition,,1,0,0,#000000,0.000156864373884303,,,,activeposition
add,,1,0,0,#000000,0.00173696194053762,,,,add
additionals,,1,0,0,#000000,0.000100480635965822,,,,additionals
addr,,1,0,0,#000000,0.000340714763228007,,,,addr
address,,1,0,0,#000000,0.000410307005475726,,,,address
addressof,,1,0,0,#000000,0.00140646834037873,,,,addressof
aggressiveinlining,,1,0,0,#000000,0.00274638386607511,,,,aggressiveinlining
alias,,1,0,0,#000000,0.000101578521792916,,,,alias
alldotnetprefixcolors,,1,0,0,#000000,6.31422506608626E-05,,,,alldotnetprefixcolors
alpha,,1,0,0,#000000,0.00022477837812417,,,,alpha
andalso,,1,0,0,#000000,0.00284844531209706,,,,andalso
angdeg,,1,0,0,#000000,4.72127081606211E-05,,,,angdeg
angrad,,1,0,0,#000000,4.21796112540634E-05,,,,angrad
apientrypoint,,1,0,0,#000000,0.000245838603779591,,,,apientrypoint
apiexport,,1,0,0,#000000,4.72629366586848E-05,,,,apiexport
apitable,,1,0,0,#000000,0.000136945641509582,,,,apitable
app,,1,0,0,#000000,0.00251457632981807,,,,app
append,,1,0,0,#000000,0.000424888662900824,,,,append
appendcurrentchar,,1,0,0,#000000,6.68501535432035E-05,,,,appendcurrentchar
appendline,,1,0,0,#000000,0.000721620744409145,,,,appendline
arg,,1,0,0,#000000,0.000420603230178706,,,,arg
argname,,1,0,0,#000000,0.000110892947984863,,,,argname
args,,1,0,0,#000000,0.00152006497511221,,,,args
argumentreference,,1,0,0,#000000,0.000102222900230312,,,,argumentreference
arguments,,1,0,0,#000000,0.000376755339191396,,,,arguments
array,,1,0,0,#000000,0.00190503349740224,,,,array
arrayrow,,1,0,0,#000000,5.76004187787674E-05,,,,arrayrow
ascending,,1,0,0,#000000,0.000140305151903381,,,,ascending
ascii,,1,0,0,#000000,0.000798828241728348,,,,ascii
ascw,,1,0,0,#000000,0.000115451840787333,,,,ascw
asenumerable,,1,0,0,#000000,0.000136016430039327,,,,asenumerable
aslist,,1,0,0,#000000,0.000474525095282021,,,,aslist
assembly,,1,0,0,#000000,0.000807660855789137,,,,assembly
assemblyinfo,,1,0,0,#000000,0.000128213776132117,,,,assemblyinfo
assert,,1,0,0,#000000,0.00051543132773358,,,,assert
assm,,1,0,0,#000000,0.000781761135843595,,,,assm
atn,,1,0,0,#000000,8.68000438669948E-05,,,,atn
attr,,1,0,0,#000000,0.000590271951387486,,,,attr
attrs,,1,0,0,#000000,0.00028706525612869,,,,attrs
average,,1,0,0,#000000,0.000305022751283442,,,,average
avg,,1,0,0,#000000,0.000220769463906182,,,,avg
backgroundcolor,,1,0,0,#000000,0.000135645504822411,,,,backgroundcolor
base,,1,0,0,#000000,0.000787450461116167,,,,base
base64,,1,0,0,#000000,0.000296803408059008,,,,base64
belement,,1,0,0,#000000,0.000143295785557003,,,,belement
bencodedstring,,1,0,0,#000000,0.000225676632928081,,,,bencodedstring
bencodingexception,,1,0,0,#000000,0.000162026849959949,,,,bencodingexception
binaryoperator,,1,0,0,#000000,7.51608990732087E-05,,,,binaryoperator
binaryoperatorselfleft,,1,0,0,#000000,3.37903628089765E-05,,,,binaryoperatorselfleft
binarypriorityqueue,,1,0,0,#000000,7.30240226634652E-05,,,,binarypriorityqueue
binarytree,,1,0,0,#000000,0.000337063487085138,,,,binarytree
bind,,1,0,0,#000000,0.000155370373337737,,,,bind
binder,,1,0,0,#000000,0.000280761692901984,,,,binder
bindproperty,,1,0,0,#000000,0.000470788381926753,,,,bindproperty
binteger,,1,0,0,#000000,0.000112389304482744,,,,binteger
bitconverter,,1,0,0,#000000,0.000181862038189326,,,,bitconverter
bitmap,,1,0,0,#000000,0.00044505083300862,,,,bitmap
bitmapbuffer,,1,0,0,#000000,0.000138409339449349,,,,bitmapbuffer
black,,1,0,0,#000000,0.000123499450654977,,,,black
blocks,,1,0,0,#000000,0.000178887313278913,,,,blocks
blue,,1,0,0,#000000,0.000161767304719928,,,,blue
bmp,,1,0,0,#000000,0.00040172871163521,,,,bmp
bombytes,,1,0,0,#000000,0.000237943516673703,,,,bombytes
bool,,1,0,0,#000000,0.000169666935355102,,,,bool
boolean,,1,0,0,#000000,0.00809472366298557,,,,boolean
booleans,,1,0,0,#000000,0.000253231397585589,,,,booleans
booleanvector,,1,0,0,#000000,0.000193404538008736,,,,booleanvector
bottom,,1,0,0,#000000,0.000207813855353972,,,,bottom
bound,,1,0,0,#000000,3.37903628089765E-05,,,,bound
braindex,,1,0,0,#000000,8.41060945785154E-05,,,,braindex
bstring,,1,0,0,#000000,0.000167117403973148,,,,bstring
bt,,1,0,0,#000000,6.17774749162506E-05,,,,bt
bucketdictionary,,1,0,0,#000000,5.94408156713772E-05,,,,bucketdictionary
buckets,,1,0,0,#000000,0.000201438528833156,,,,buckets
buf,,1,0,0,#000000,0.000661168220487622,,,,buf
buffer,,1,0,0,#000000,0.00163926177419307,,,,buffer
bufs,,1,0,0,#000000,9.41254480807539E-05,,,,bufs
buildhashhelper,,1,0,0,#000000,9.1957467797646E-05,,,,buildhashhelper
byref,,1,0,0,#000000,0.00245652819259958,,,,byref
byte,,1,0,0,#000000,0.00194136615066277,,,,byte
bytes,,1,0,0,#000000,0.000590814988077064,,,,bytes
cache,,1,0,0,#000000,0.000482092440790202,,,,cache
cachereadline,,1,0,0,#000000,9.71911073999684E-05,,,,cachereadline
calculateangle,,1,0,0,#000000,3.37903628089765E-05,,,,calculateangle
call,,1,0,0,#000000,0.011170870300471,,,,call
cancel,,1,0,0,#000000,0.000156170585397463,,,,cancel
capacity,,1,0,0,#000000,0.000432848546633687,,,,capacity
case,,1,0,0,#000000,0.00276987645447117,,,,case
cast,,1,0,0,#000000,0.000199734972661974,,,,cast
casterstring,,1,0,0,#000000,7.86025384312548E-05,,,,casterstring
catch,,1,0,0,#000000,0.00134504540726772,,,,catch
category,,1,0,0,#000000,0.000321927154406636,,,,category
cbyte,,1,0,0,#000000,0.000183520370041786,,,,cbyte
cc,,1,0,0,#000000,8.78904560122104E-05,,,,cc
cdbl,,1,0,0,#000000,0.000212286414854203,,,,cdbl
cdec,,1,0,0,#000000,7.85954983942307E-05,,,,cdec
ch,,1,0,0,#000000,0.000440784396914322,,,,ch
char,,1,0,0,#000000,0.00196580366407812,,,,char
character,,1,0,0,#000000,0.000117996860839758,,,,character
charptr,,1,0,0,#000000,0.000115517210362591,,,,charptr
chars,,1,0,0,#000000,0.000456955372202015,,,,chars
charstring,,1,0,0,#000000,0.000126865970496888,,,,charstring
chartofind,,1,0,0,#000000,5.30949129836239E-05,,,,chartofind
checkinside,,1,0,0,#000000,3.37903628089765E-05,,,,checkinside
child,,1,0,0,#000000,0.000458258813788929,,,,child
childnodes,,1,0,0,#000000,0.000114216863356166,,,,childnodes
chr,,1,0,0,#000000,0.000214649527114265,,,,chr
chrw,,1,0,0,#000000,0.000104142538022835,,,,chrw
chs,,1,0,0,#000000,8.64470880823069E-05,,,,chs
cint,,1,0,0,#000000,0.000688425385581299,,,,cint
cl,,1,0,0,#000000,3.46239671658722E-05,,,,cl
clear,,1,0,0,#000000,0.000542308633098834,,,,clear
cli,,1,0,0,#000000,0.00119337972839771,,,,cli
clicommandargvs,,1,0,0,#000000,0.000107970628134682,,,,clicommandargvs
clitoken,,1,0,0,#000000,0.000129985715594353,,,,clitoken
clng,,1,0,0,#000000,0.000324518109286721,,,,clng
clone,,1,0,0,#000000,0.000277804406069179,,,,clone
close,,1,0,0,#000000,0.000207847811427813,,,,close
cmap,,1,0,0,#000000,0.000165177765095537,,,,cmap
cmp,,1,0,0,#000000,0.000175162807050955,,,,cmp
coalesce,,1,0,0,#000000,6.07422657982909E-05,,,,coalesce
cobj,,1,0,0,#000000,9.11384265588181E-05,,,,cobj
code,,1,0,0,#000000,0.000692563673659482,,,,code
codepage,,1,0,0,#000000,0.000174258543538924,,,,codepage
collect,,1,0,0,#000000,7.17112743397745E-05,,,,collect
collection,,1,0,0,#000000,0.000468482897731848,,,,collection
collections,,1,0,0,#000000,7.31778968121515E-05,,,,collections
color,,1,0,0,#000000,0.00236511895264091,,,,color
colors,,1,0,0,#000000,0.000201966109921301,,,,colors
colortheme,,1,0,0,#000000,7.30533341427878E-05,,,,colortheme
comb,,1,0,0,#000000,0.000129338474212097,,,,comb
commandline,,1,0,0,#000000,0.000518344192671767,,,,commandline
commandlinetoken,,1,0,0,#000000,6.88094978006516E-05,,,,commandlinetoken
commandname,,1,0,0,#000000,0.000373835958228668,,,,commandname
comment,,1,0,0,#000000,0.000236657212765392,,,,comment
comparer,,1,0,0,#000000,0.000208370763944711,,,,comparer
compares,,1,0,0,#000000,0.000522014597844719,,,,compares
compareto,,1,0,0,#000000,0.000318255306531863,,,,compareto
compile,,1,0,0,#000000,0.000207293143986813,,,,compile
compress,,1,0,0,#000000,0.00012243649463439,,,,compress
computerouteimpl,,1,0,0,#000000,3.37903628089765E-05,,,,computerouteimpl
config,,1,0,0,#000000,0.000380872313637612,,,,config
configtable,,1,0,0,#000000,0.000105871907851503,,,,configtable
console,,1,0,0,#000000,0.00118091751662037,,,,console
consolecolor,,1,0,0,#000000,0.00076709771493189,,,,consolecolor
consolefontstyle,,1,0,0,#000000,0.000258694831231549,,,,consolefontstyle
constructorinfo,,1,0,0,#000000,9.51149735296678E-05,,,,constructorinfo
contactwithdelim,,1,0,0,#000000,3.37903628089765E-05,,,,contactwithdelim
containskey,,1,0,0,#000000,0.00120284300701214,,,,containskey
content,,1,0,0,#000000,0.000442019566600564,,,,content
contenttype,,1,0,0,#000000,0.000203635173446557,,,,contenttype
context,,1,0,0,#000000,0.000814975867743404,,,,context
controlbuf,,1,0,0,#000000,0.000185329556325801,,,,controlbuf
conversion,,1,0,0,#000000,6.73724781756315E-05,,,,conversion
convert,,1,0,0,#000000,0.000335614933937897,,,,convert
coordinate,,1,0,0,#000000,0.000123326140031578,,,,coordinate
copiedtotarget,,1,0,0,#000000,3.5116837288998E-05,,,,copiedtotarget
copy,,1,0,0,#000000,0.000388818780307301,,,,copy
copyto,,1,0,0,#000000,0.000391627866330224,,,,copyto
count,,1,0,0,#000000,0.00217736537235281,,,,count
counter,,1,0,0,#000000,0.00033737178864692,,,,counter
cpu,,1,0,0,#000000,6.43988266396141E-05,,,,cpu
cr,,1,0,0,#000000,8.18326696876063E-05,,,,cr
creategdidevice,,1,0,0,#000000,7.89904655263929E-05,,,,creategdidevice
createobject,,1,0,0,#000000,9.30491300376437E-05,,,,createobject
createsave,,1,0,0,#000000,9.97034490201034E-05,,,,createsave
createvector,,1,0,0,#000000,4.38025277190873E-05,,,,createvector
cshort,,1,0,0,#000000,0.000112764371186015,,,,cshort
csng,,1,0,0,#000000,0.000160281221554843,,,,csng
cstrsafe,,1,0,0,#000000,9.14578199200591E-05,,,,cstrsafe
ctype,,1,0,0,#000000,0.00054333185179104,,,,ctype
ctypedynamic,,1,0,0,#000000,0.000142231179280927,,,,ctypedynamic
cuint,,1,0,0,#000000,0.000144372547378207,,,,cuint
culng,,1,0,0,#000000,0.000126363152283394,,,,culng
curindex,,1,0,0,#000000,0.000146805014964846,,,,curindex
current,,1,0,0,#000000,0.000553304159645085,,,,current
cursor,,1,0,0,#000000,0.000270028306977419,,,,cursor
cushort,,1,0,0,#000000,0.000186175868567918,,,,cushort
customattr,,1,0,0,#000000,5.37227010047718E-05,,,,customattr
d1,,1,0,0,#000000,0.000213489290089499,,,,d1
d2,,1,0,0,#000000,0.000145365611500297,,,,d2
d3,,1,0,0,#000000,0.000189334343477863,,,,d3
data,,1,0,0,#000000,0.00309534503381775,,,,data
dataframework,,1,0,0,#000000,0.00016855299148846,,,,dataframework
datasample,,1,0,0,#000000,6.96820114575792E-05,,,,datasample
datauri,,1,0,0,#000000,7.07979542402934E-05,,,,datauri
datetime,,1,0,0,#000000,0.000207905907532897,,,,datetime
datetimehelper,,1,0,0,#000000,3.77923066878386E-05,,,,datetimehelper
day,,1,0,0,#000000,0.000160291518474876,,,,day
dblvalue,,1,0,0,#000000,7.46592325676646E-05,,,,dblvalue
dblwork,,1,0,0,#000000,0.000109574234087575,,,,dblwork
debug,,1,0,0,#000000,0.00108433870040633,,,,debug
decimal,,1,0,0,#000000,0.000267768232513882,,,,decimal
declare,,1,0,0,#000000,0.000223197064547466,,,,declare
declaringtype,,1,0,0,#000000,0.000109261446884098,,,,declaringtype
default,,1,0,0,#000000,0.00192691473517657,,,,default
defaultencoding,,1,0,0,#000000,0.000244049490673134,,,,defaultencoding
defaultstring,,1,0,0,#000000,0.000156906855401692,,,,defaultstring
defaultvalue,,1,0,0,#000000,0.000300402755376861,,,,defaultvalue
degree,,1,0,0,#000000,8.98995436421306E-05,,,,degree
degreeofparallelism,,1,0,0,#000000,5.91310508758887E-05,,,,degreeofparallelism
delegatetypeparameter,,1,0,0,#000000,7.08271821148681E-05,,,,delegatetypeparameter
delimiter,,1,0,0,#000000,0.000375900766087224,,,,delimiter
delimiterindex,,1,0,0,#000000,9.06514051773004E-05,,,,delimiterindex
delta,,1,0,0,#000000,0.000207704710144171,,,,delta
denom,,1,0,0,#000000,0.000156092663216697,,,,denom
denompositive,,1,0,0,#000000,4.81940526048959E-05,,,,denompositive
depth,,1,0,0,#000000,0.000132238668504894,,,,depth
deque,,1,0,0,#000000,0.000235570820600284,,,,deque
desc,,1,0,0,#000000,0.000299913044518248,,,,desc
description,,1,0,0,#000000,0.0029191682391264,,,,description
destination,,1,0,0,#000000,0.000295355878796832,,,,destination
devassminfo,,1,0,0,#000000,0.000122530910537025,,,,devassminfo
dhms,,1,0,0,#000000,3.5116837288998E-05,,,,dhms
dict,,1,0,0,#000000,0.000324198334360784,,,,dict
dictionary,,1,0,0,#000000,0.00258433718277862,,,,dictionary
dictionaryparser,,1,0,0,#000000,4.24357085852451E-05,,,,dictionaryparser
digest,,1,0,0,#000000,9.36320252240627E-05,,,,digest
digits,,1,0,0,#000000,8.42482953144577E-05,,,,digits
dim,,1,0,0,#000000,0.0144970508352816,,,,dim
dir,,1,0,0,#000000,0.000984389528486383,,,,dir
directcast,,1,0,0,#000000,0.00124115787570573,,,,directcast
directories,,1,0,0,#000000,8.92310135354763E-05,,,,directories
directory,,1,0,0,#000000,0.000664264323421646,,,,directory
directoryexists,,1,0,0,#000000,0.000123618467657673,,,,directoryexists
dist,,1,0,0,#000000,0.000165239517613702,,,,dist
distance,,1,0,0,#000000,0.000308660846025076,,,,distance
distedits,,1,0,0,#000000,0.000151719761008294,,,,distedits
distinct,,1,0,0,#000000,0.000328147360584929,,,,distinct
distresult,,1,0,0,#000000,0.000178576742337061,,,,distresult
disttable,,1,0,0,#000000,0.000215386653877746,,,,disttable
doc,,1,0,0,#000000,0.000239868093967167,,,,doc
doinvoketask,,1,0,0,#000000,2.77519732098843E-05,,,,doinvoketask
donothing,,1,0,0,#000000,3.18194099466984E-05,,,,donothing
double,,1,0,0,#000000,0.00636219950758531,,,,double
doublerange,,1,0,0,#000000,0.000314548881849393,,,,doublerange
dq,,1,0,0,#000000,4.78214495471697E-05,,,,dq
dt,,1,0,0,#000000,0.000227390285887365,,,,dt
echo,,1,0,0,#000000,0.000376402759626238,,,,echo
edition,,1,0,0,#000000,0.000498924095899743,,,,edition
elem,,1,0,0,#000000,0.000184992024736518,,,,elem
element,,1,0,0,#000000,0.000530219287272901,,,,element
elseif,,1,0,0,#000000,0.00210404204033145,,,,elseif
empty,,1,0,0,#000000,0.000281890771312392,,,,empty
enc,,1,0,0,#000000,0.000112896608291046,,,,enc
encoding,,1,0,0,#000000,0.00123178411155265,,,,encoding
encodingfound,,1,0,0,#000000,0.000152240486425862,,,,encodingfound
encodings,,1,0,0,#000000,0.000314405800980841,,,,encodings
encrypted,,1,0,0,#000000,8.42847554274316E-05,,,,encrypted
endread,,1,0,0,#000000,0.00010591219599181,,,,endread
ends,,1,0,0,#000000,0.000217706960036199,,,,ends
endvalue,,1,0,0,#000000,4.09297629370706E-05,,,,endvalue
entity,,1,0,0,#000000,0.000260347516507733,,,,entity
entropy,,1,0,0,#000000,4.18778617824757E-05,,,,entropy
entry,,1,0,0,#000000,0.000326182646302487,,,,entry
entrypoint,,1,0,0,#000000,0.000478682412241846,,,,entrypoint
enum,,1,0,0,#000000,0.0011692246612751,,,,enum
enumerable,,1,0,0,#000000,0.000100034394602083,,,,enumerable
enumeration,,1,0,0,#000000,0.000178469032690342,,,,enumeration
enumerator,,1,0,0,#000000,4.58126659845367E-05,,,,enumerator
enums,,1,0,0,#000000,0.000220488346379143,,,,enums
environment,,1,0,0,#000000,0.000671957281446397,,,,environment
equals,,1,0,0,#000000,0.001488964382801,,,,equals
error,,1,0,0,#000000,0.000621465812242093,,,,error
escape,,1,0,0,#000000,0.000138483961772828,,,,escape
eventaccessor,,1,0,0,#000000,3.37903628089765E-05,,,,eventaccessor
eventaccessorimpl,,1,0,0,#000000,3.37903628089765E-05,,,,eventaccessorimpl
example,,1,0,0,#000000,0.00030616091440446,,,,example
examples,,1,0,0,#000000,3.83595360915159E-05,,,,examples
exception,,1,0,0,#000000,0.00120507759323565,,,,exception
exceptiondata,,1,0,0,#000000,8.57461400066851E-05,,,,exceptiondata
exceptionhandle,,1,0,0,#000000,7.13366965142128E-05,,,,exceptionhandle
executableassembly,,1,0,0,#000000,7.15052063806413E-05,,,,executableassembly
execute,,1,0,0,#000000,0.000243269164123021,,,,execute
executeemptycli,,1,0,0,#000000,8.08627497547581E-05,,,,executeemptycli
executefile,,1,0,0,#000000,0.000114932048256426,,,,executefile
executequery,,1,0,0,#000000,7.54296689874522E-05,,,,executequery
exists,,1,0,0,#000000,0.000209479132657571,,,,exists
exit,,1,0,0,#000000,0.000898829994918187,,,,exit
exitcode,,1,0,0,#000000,0.000180810876212744,,,,exitcode
exp,,1,0,0,#000000,0.000499839208625938,,,,exp
expectednumberofblocks,,1,0,0,#000000,3.68537123971403E-05,,,,expectednumberofblocks
expression,,1,0,0,#000000,0.00113950288565593,,,,expression
ext,,1,0,0,#000000,0.000615874094724213,,,,ext
f64,,1,0,0,#000000,0.000148607637449833,,,,f64
factory,,1,0,0,#000000,0.00023282332157766,,,,factory
false,,1,0,0,#000000,0.00256518509581104,,,,false
field,,1,0,0,#000000,0.000468306567486267,,,,field
fieldinfo,,1,0,0,#000000,0.000193367114455704,,,,fieldinfo
fieldname,,1,0,0,#000000,0.000233097853535903,,,,fieldname
fields,,1,0,0,#000000,0.00027806530913062,,,,fields
file,,1,0,0,#000000,0.00220232495734809,,,,file
filedelete,,1,0,0,#000000,5.7239113439493E-05,,,,filedelete
fileexists,,1,0,0,#000000,0.000384106492422822,,,,fileexists
fileio,,1,0,0,#000000,0.000443049873187148,,,,fileio
filelength,,1,0,0,#000000,0.000176401509849522,,,,filelength
filename,,1,0,0,#000000,0.000655404453202449,,,,filename
files,,1,0,0,#000000,0.000391818970346701,,,,files
filestream,,1,0,0,#000000,0.000248713804316043,,,,filestream
filesystem,,1,0,0,#000000,0.000275503510202584,,,,filesystem
filetypes,,1,0,0,#000000,0.000124005075160066,,,,filetypes
fill,,1,0,0,#000000,0.000285870678656836,,,,fill
finalizecli,,1,0,0,#000000,3.37903628089765E-05,,,,finalizecli
firstordefault,,1,0,0,#000000,0.000552410330890687,,,,firstordefault
flags,,1,0,0,#000000,0.000414263755478112,,,,flags
flush,,1,0,0,#000000,0.000249770215718412,,,,flush
folder,,1,0,0,#000000,0.00020331835535599,,,,folder
font,,1,0,0,#000000,0.000396706931459987,,,,font
fontfamilies,,1,0,0,#000000,0.000128137290442483,,,,fontfamilies
forceinit,,1,0,0,#000000,4.79114727121529E-05,,,,forceinit
forcestderror,,1,0,0,#000000,6.29531249551721E-05,,,,forcestderror
foregroundcolor,,1,0,0,#000000,4.22071999097978E-05,,,,foregroundcolor
format,,1,0,0,#000000,0.000792448840236079,,,,format
formathelper,,1,0,0,#000000,5.86237219233858E-05,,,,formathelper
formatter,,1,0,0,#000000,7.13970808165571E-05,,,,formatter
formatzero,,1,0,0,#000000,8.98938798423903E-05,,,,formatzero
forwhichcharacter,,1,0,0,#000000,5.33140313106103E-05,,,,forwhichcharacter
foundomissionblock,,1,0,0,#000000,7.00510581748357E-05,,,,foundomissionblock
fractionalranking,,1,0,0,#000000,5.21269686722254E-05,,,,fractionalranking
frombinary,,1,0,0,#000000,2.78178831846318E-05,,,,frombinary
fs,,1,0,0,#000000,0.000368949744713499,,,,fs
fullname,,1,0,0,#000000,0.000863047616425872,,,,fullname
func,,1,0,0,#000000,0.00219449196383877,,,,func
function,,1,0,0,#000000,0.0159519445672588,,,,function
gb2312,,1,0,0,#000000,0.00014031322043343,,,,gb2312
gds,,1,0,0,#000000,7.71395199412251E-05,,,,gds
generatemapping,,1,0,0,#000000,7.34301899833906E-05,,,,generatemapping
genericenumerator,,1,0,0,#000000,0.000100652332322477,,,,genericenumerator
generictypearguments,,1,0,0,#000000,0.00010639474982893,,,,generictypearguments
getbytes,,1,0,0,#000000,0.000197471171003714,,,,getbytes
getcli,,1,0,0,#000000,4.10893169133427E-05,,,,getcli
getcustomattributes,,1,0,0,#000000,0.000259029012767386,,,,getcustomattributes
getdefault,,1,0,0,#000000,3.37903628089765E-05,,,,getdefault
getenumerator,,1,0,0,#000000,0.00036858628106525,,,,getenumerator
getfullname,,1,0,0,#000000,8.28458227605693E-05,,,,getfullname
getfullpath,,1,0,0,#000000,0.000166040752518275,,,,getfullpath
getfunctionaddress,,1,0,0,#000000,6.13436233918668E-05,,,,getfunctionaddress
gethashcode,,1,0,0,#000000,0.0001313886444944,,,,gethashcode
gethistory,,1,0,0,#000000,3.37903628089765E-05,,,,gethistory
getinternal,,1,0,0,#000000,3.37903628089765E-05,,,,getinternal
getjson,,1,0,0,#000000,0.000546157693813776,,,,getjson
getlasterror,,1,0,0,#000000,8.66104365244528E-05,,,,getlasterror
getmd5hash,,1,0,0,#000000,0.000129196026193203,,,,getmd5hash
getmethod,,1,0,0,#000000,8.93446265946326E-05,,,,getmethod
getrequest,,1,0,0,#000000,3.37903628089765E-05,,,,getrequest
getstackvalue,,1,0,0,#000000,0.000202766517314652,,,,getstackvalue
gettagvalue,,1,0,0,#000000,0.000267474014700554,,,,gettagvalue
gettype,,1,0,0,#000000,0.00248437120722605,,,,gettype
gettypecode,,1,0,0,#000000,4.1924748534545E-05,,,,gettypecode
getunderlyingtype,,1,0,0,#000000,0.000100411749836358,,,,getunderlyingtype
getvalue,,1,0,0,#000000,0.000686181847636894,,,,getvalue
getxml,,1,0,0,#000000,0.00010899748713018,,,,getxml
github,,1,0,0,#000000,5.88600298094049E-05,,,,github
graphics,,1,0,0,#000000,0.000369304030875484,,,,graphics
graphics2d,,1,0,0,#000000,0.000187641240494776,,,,graphics2d
graphicscontainer,,1,0,0,#000000,4.69270646439532E-05,,,,graphicscontainer
grep,,1,0,0,#000000,0.000113930374964483,,,,grep
grepregx,,1,0,0,#000000,9.2168111785269E-05,,,,grepregx
group,,1,0,0,#000000,0.000408279246116492,,,,group
groups,,1,0,0,#000000,0.000346942271912141,,,,groups
handle,,1,0,0,#000000,0.000976430582227421,,,,handle
hash,,1,0,0,#000000,0.000306607068874036,,,,hash
hashbuffer,,1,0,0,#000000,9.40880718207583E-05,,,,hashbuffer
hashlist,,1,0,0,#000000,0.000131718025775011,,,,hashlist
headers,,1,0,0,#000000,0.000350256155065881,,,,headers
heap2,,1,0,0,#000000,6.91291498574198E-05,,,,heap2
height,,1,0,0,#000000,0.000629758783173141,,,,height
heightisright,,1,0,0,#000000,3.48142554044423E-05,,,,heightisright
help,,1,0,0,#000000,0.000272443563224418,,,,help
hff,,1,0,0,#000000,9.54766193583626E-05,,,,hff
hours,,1,0,0,#000000,0.0001111987952797,,,,hours
hslcolor,,1,0,0,#000000,0.0001267104820274,,,,hslcolor
html,,1,0,0,#000000,0.00109669947139164,,,,html
httputility,,1,0,0,#000000,7.80919898430066E-05,,,,httputility
i32,,1,0,0,#000000,0.000328593819861962,,,,i32
icollection,,1,0,0,#000000,0.000148768110144648,,,,icollection
icon,,1,0,0,#000000,0.000239716231603163,,,,icon
ideque,,1,0,0,#000000,7.58868149242699E-05,,,,ideque
idmap,,1,0,0,#000000,0.000156612984551277,,,,idmap
idx,,1,0,0,#000000,0.00019401466537843,,,,idx
ienumerable,,1,0,0,#000000,0.00350686379373788,,,,ienumerable
iioredirectabstract,,1,0,0,#000000,0.000194516626205796,,,,iioredirectabstract
ilist,,1,0,0,#000000,0.000194160356359572,,,,ilist
image,,1,0,0,#000000,0.000984356338125159,,,,image
imageresource,,1,0,0,#000000,9.90453298285047E-05,,,,imageresource
img,,1,0,0,#000000,0.000241278694615604,,,,img
indexof,,1,0,0,#000000,0.000515973194655082,,,,indexof
inf,,1,0,0,#000000,9.08755030031372E-05,,,,inf
info,,1,0,0,#000000,0.000652303576993336,,,,info
init,,1,0,0,#000000,0.000118980948088628,,,,init
innerhash,,1,0,0,#000000,8.33138951014259E-05,,,,innerhash
innerlist,,1,0,0,#000000,0.000338186129239873,,,,innerlist
input,,1,0,0,#000000,0.00137240519056192,,,,input
inputhandler,,1,0,0,#000000,7.65457388890574E-05,,,,inputhandler
instance,,1,0,0,#000000,0.000203305066253208,,,,instance
instancegenericmethod,,1,0,0,#000000,3.37903628089765E-05,,,,instancegenericmethod
instancemethod,,1,0,0,#000000,5.08987457711137E-05,,,,instancemethod
instr,,1,0,0,#000000,0.00051216757164521,,,,instr
int16,,1,0,0,#000000,9.2380464473607E-05,,,,int16
int32,,1,0,0,#000000,0.000201032013102538,,,,int32
int64,,1,0,0,#000000,0.000237998771046719,,,,int64
integer,,1,0,0,#000000,0.0106874412884935,,,,integer
internalcryptotransform,,1,0,0,#000000,4.57640707441092E-05,,,,internalcryptotransform
interpreter,,1,0,0,#000000,0.000208867723425457,,,,interpreter
intersection,,1,0,0,#000000,0.000140542478089874,,,,intersection
intersectionof,,1,0,0,#000000,4.75197095185401E-05,,,,intersectionof
intersections,,1,0,0,#000000,0.000123988324628162,,,,intersections
intoffset,,1,0,0,#000000,5.79913676233798E-05,,,,intoffset
intptr,,1,0,0,#000000,0.00147250715032669,,,,intptr
intrange,,1,0,0,#000000,0.000154560332454807,,,,intrange
ints,,1,0,0,#000000,7.77576663582175E-05,,,,ints
inttag,,1,0,0,#000000,9.82467166778797E-05,,,,inttag
invokeinternal,,1,0,0,#000000,3.37903628089765E-05,,,,invokeinternal
io,,1,0,0,#000000,0.000628473354213675,,,,io
iomodule,,1,0,0,#000000,5.66676223869106E-05,,,,iomodule
ioredirect,,1,0,0,#000000,0.000148859443406239,,,,ioredirect
iostream,,1,0,0,#000000,7.23362031352983E-05,,,,iostream
ipendpoint,,1,0,0,#000000,0.000161495579152957,,,,ipendpoint
isempty,,1,0,0,#000000,0.000206849260174903,,,,isempty
isinside,,1,0,0,#000000,0.000142600206502294,,,,isinside
isinterface,,1,0,0,#000000,5.64151374360506E-05,,,,isinterface
ismatch,,1,0,0,#000000,8.82242286912718E-05,,,,ismatch
isnanimaginary,,1,0,0,#000000,7.11419536970268E-05,,,,isnanimaginary
isnot,,1,0,0,#000000,0.000647725916986004,,,,isnot
isnothing,,1,0,0,#000000,0.000174916780175385,,,,isnothing
isnullorempty,,1,0,0,#000000,0.000893565939160162,,,,isnullorempty
isnullorwhitespace,,1,0,0,#000000,3.39872392925321E-05,,,,isnullorwhitespace
isoptional,,1,0,0,#000000,8.15147328665969E-05,,,,isoptional
isoverlapping,,1,0,0,#000000,7.46367353402508E-05,,,,isoverlapping
ispattern,,1,0,0,#000000,0.000150868720132581,,,,ispattern
isprimitive,,1,0,0,#000000,0.000109569123357467,,,,isprimitive
isprocessingstring,,1,0,0,#000000,3.6593781640717E-05,,,,isprocessingstring
isreadonly,,1,0,0,#000000,6.76400436861264E-05,,,,isreadonly
istrue,,1,0,0,#000000,0.000102723542161963,,,,istrue
item,,1,0,0,#000000,0.00152642426663981,,,,item
item1,,1,0,0,#000000,0.000166143198149293,,,,item1
itemindex,,1,0,0,#000000,3.95571073987117E-05,,,,itemindex
items,,1,0,0,#000000,0.000322019563526383,,,,items
iter,,1,0,0,#000000,0.000104780187071111,,,,iter
iterator,,1,0,0,#000000,0.000325794782976699,,,,iterator
iv,,1,0,0,#000000,7.22257667423522E-05,,,,iv
iy,,1,0,0,#000000,4.45012750254692E-05,,,,iy
javamath,,1,0,0,#000000,4.11138372492436E-05,,,,javamath
join,,1,0,0,#000000,0.000202458245093467,,,,join
joinby,,1,0,0,#000000,0.000556756377462555,,,,joinby
json,,1,0,0,#000000,0.00039093723339842,,,,json
key,,1,0,0,#000000,0.00274714392474789,,,,key
keys,,1,0,0,#000000,0.000935958750429541,,,,keys
keyshash,,1,0,0,#000000,9.57816611987885E-05,,,,keyshash
keyvaluepair,,1,0,0,#000000,0.000504962516383462,,,,keyvaluepair
keyvaluepairobject,,1,0,0,#000000,8.5562201102077E-05,,,,keyvaluepairobject
l1,,1,0,0,#000000,4.96849215073262E-05,,,,l1
l2,,1,0,0,#000000,6.37280956953888E-05,,,,l2
lambda,,1,0,0,#000000,0.000289068986795805,,,,lambda
langenum,,1,0,0,#000000,8.79848839312858E-05,,,,langenum
language,,1,0,0,#000000,0.000213584243157492,,,,language
lastordefault,,1,0,0,#000000,7.99684667838515E-05,,,,lastordefault
lazy,,1,0,0,#000000,0.000176491773866437,,,,lazy
lcrelativepath,,1,0,0,#000000,4.71756561716978E-05,,,,lcrelativepath
left,,1,0,0,#000000,0.000726698624249324,,,,left
len,,1,0,0,#000000,0.00064349451516767,,,,len
length,,1,0,0,#000000,0.00438044257187851,,,,length
lensq,,1,0,0,#000000,6.01036172794789E-05,,,,lensq
lessthan,,1,0,0,#000000,0.000357941068862823,,,,lessthan
levenshteindistance,,1,0,0,#000000,0.000100792615542287,,,,levenshteindistance
lf,,1,0,0,#000000,0.000119477803919931,,,,lf
libraryloader,,1,0,0,#000000,9.51021077037555E-05,,,,libraryloader
lines,,1,0,0,#000000,0.000364128303237835,,,,lines
linknode,,1,0,0,#000000,7.74998222660188E-05,,,,linknode
linq,,1,0,0,#000000,0.000443051696808742,,,,linq
linqapi,,1,0,0,#000000,0.000358106909770986,,,,linqapi
list,,1,0,0,#000000,0.002949390752148,,,,list
load,,1,0,0,#000000,0.000227600141742347,,,,load
loadobject,,1,0,0,#000000,9.65163874552377E-05,,,,loadobject
localdimension,,1,0,0,#000000,3.5116837288998E-05,,,,localdimension
localvector2d1,,1,0,0,#000000,7.78023472452412E-05,,,,localvector2d1
log,,1,0,0,#000000,0.000342237079024032,,,,log
logexception,,1,0,0,#000000,0.000110202961331985,,,,logexception
logics,,1,0,0,#000000,6.43268269718087E-05,,,,logics
loglimit,,1,0,0,#000000,3.69224917584562E-05,,,,loglimit
long,,1,0,0,#000000,0.00146407053758134,,,,long
loop,,1,0,0,#000000,0.000894573701498797,,,,loop
looparray,,1,0,0,#000000,6.14973546399319E-05,,,,looparray
low,,1,0,0,#000000,0.000105782839712628,,,,low
lquery,,1,0,0,#000000,0.000315546598728046,,,,lquery
ls,,1,0,0,#000000,0.000311467942525551,,,,ls
lst,,1,0,0,#000000,0.000157424373099205,,,,lst
lstname,,1,0,0,#000000,3.35246569785846E-05,,,,lstname
macosx,,1,0,0,#000000,2.94481583178128E-05,,,,macosx
main,,1,0,0,#000000,0.000115966948508488,,,,main
makedir,,1,0,0,#000000,0.000134185643945699,,,,makedir
map,,1,0,0,#000000,0.00063366793081582,,,,map
maps,,1,0,0,#000000,0.000414734705638146,,,,maps
maptolocalurl,,1,0,0,#000000,3.37903628089765E-05,,,,maptolocalurl
marshal,,1,0,0,#000000,0.000559537575817597,,,,marshal
match,,1,0,0,#000000,0.00089639518491935,,,,match
matches,,1,0,0,#000000,0.000376049899997462,,,,matches
matchsimilarity,,1,0,0,#000000,7.17446595390148E-05,,,,matchsimilarity
matrix,,1,0,0,#000000,0.00034562500649946,,,,matrix
max,,1,0,0,#000000,0.000734995759345298,,,,max
maxvalue,,1,0,0,#000000,0.000117490039706773,,,,maxvalue
median,,1,0,0,#000000,5.54205649772442E-05,,,,median
member,,1,0,0,#000000,0.000410495742953914,,,,member
members,,1,0,0,#000000,0.000557754331074533,,,,members
memorystream,,1,0,0,#000000,0.000368409932434446,,,,memorystream
merge,,1,0,0,#000000,8.11924474727625E-05,,,,merge
message,,1,0,0,#000000,0.000780308229459349,,,,message
meta,,1,0,0,#000000,7.62005278905743E-05,,,,meta
metadata,,1,0,0,#000000,0.000112383288855058,,,,metadata
method,,1,0,0,#000000,0.000924594499538412,,,,method
methodimpl,,1,0,0,#000000,0.00376058073018823,,,,methodimpl
methodinfo,,1,0,0,#000000,0.000715539416698865,,,,methodinfo
mid,,1,0,0,#000000,0.00052561988324029,,,,mid
mime,,1,0,0,#000000,0.000175569212154967,,,,mime
mimetype,,1,0,0,#000000,0.00015880482055691,,,,mimetype
min,,1,0,0,#000000,0.00108067837347803,,,,min
minindex,,1,0,0,#000000,5.3282138268657E-05,,,,minindex
minute,,1,0,0,#000000,9.35935798622292E-05,,,,minute
minvalue,,1,0,0,#000000,0.000155941372539113,,,,minvalue
mod,,1,0,0,#000000,0.000298670280798161,,,,mod
mode,,1,0,0,#000000,0.000360935647128804,,,,mode
month,,1,0,0,#000000,0.000126678963187308,,,,month
monthlist,,1,0,0,#000000,0.000495528022477263,,,,monthlist
movenext,,1,0,0,#000000,0.000120870313789178,,,,movenext
ms,,1,0,0,#000000,0.00064262058508701,,,,ms
msg,,1,0,0,#000000,0.000913271790480281,,,,msg
msgboxresult,,1,0,0,#000000,3.37839064045883E-05,,,,msgboxresult
mute,,1,0,0,#000000,0.000276266989742325,,,,mute
mybase,,1,0,0,#000000,0.000612345185357644,,,,mybase
myclass,,1,0,0,#000000,7.80400882394303E-05,,,,myclass
n1,,1,0,0,#000000,0.000107334097328401,,,,n1
namedcollection,,1,0,0,#000000,0.000148016589219174,,,,namedcollection
namedvalue,,1,0,0,#000000,0.00112333327952938,,,,namedvalue
nameof,,1,0,0,#000000,0.000871256457331216,,,,nameof
namespace,,1,0,0,#000000,0.00138467412103222,,,,namespace
namespaces,,1,0,0,#000000,0.000145550189756789,,,,namespaces
nan,,1,0,0,#000000,0.000198404300744076,,,,nan
nc,,1,0,0,#000000,0.000121919217717676,,,,nc
netcore5,,1,0,0,#000000,0.000219349312275363,,,,netcore5
neweventhandler,,1,0,0,#000000,8.39912629010207E-05,,,,neweventhandler
newvector,,1,0,0,#000000,8.1022299761501E-05,,,,newvector
nextdouble,,1,0,0,#000000,0.000210054920752202,,,,nextdouble
nextnumber,,1,0,0,#000000,0.000114668821551695,,,,nextnumber
node,,1,0,0,#000000,0.000732949144913636,,,,node
nodeiteratorimpl,,1,0,0,#000000,5.55472714507296E-05,,,,nodeiteratorimpl
nodetodelete,,1,0,0,#000000,0.00014501310889962,,,,nodetodelete
note,,1,0,0,#000000,0.000145083064953575,,,,note
notimplementedexception,,1,0,0,#000000,5.08770962704918E-05,,,,notimplementedexception
nul,,1,0,0,#000000,3.20187739226596E-05,,,,nul
null,,1,0,0,#000000,0.000527938155535672,,,,null
null2,,1,0,0,#000000,4.61316699809872E-05,,,,null2
num,,1,0,0,#000000,0.000359374216526452,,,,num
numbers,,1,0,0,#000000,0.000114369483001784,,,,numbers
numerator,,1,0,0,#000000,0.000122371598645034,,,,numerator
numerics,,1,0,0,#000000,0.000106774385982728,,,,numerics
numericvector,,1,0,0,#000000,7.03195245341568E-05,,,,numericvector
obj,,1,0,0,#000000,0.00235353380149339,,,,obj
object,,1,0,0,#000000,0.00222875435682662,,,,object
objectgeneric,,1,0,0,#000000,5.8679126014044E-05,,,,objectgeneric
offset,,1,0,0,#000000,0.000738092326855354,,,,offset
onfailure,,1,0,0,#000000,6.11826893388029E-05,,,,onfailure
op,,1,0,0,#000000,0.000427741815404174,,,,op
operation,,1,0,0,#000000,0.000116755968016776,,,,operation
operationtimeout,,1,0,0,#000000,8.53829630833095E-05,,,,operationtimeout
operator,,1,0,0,#000000,0.00255908201813111,,,,operator
opt,,1,0,0,#000000,0.000376857224185064,,,,opt
opts,,1,0,0,#000000,0.000194081386589613,,,,opts
ordinal,,1,0,0,#000000,0.000138177362029122,,,,ordinal
ordinalignorecase,,1,0,0,#000000,0.000126725462254149,,,,ordinalignorecase
orelse,,1,0,0,#000000,0.00216549534958558,,,,orelse
origin,,1,0,0,#000000,0.000172455083539292,,,,origin
output,,1,0,0,#000000,0.000408422688497764,,,,output
overflow,,1,0,0,#000000,4.52447496873988E-05,,,,overflow
p1,,1,0,0,#000000,0.00030656342232505,,,,p1
p2,,1,0,0,#000000,0.000212570658271316,,,,p2
pairingheap,,1,0,0,#000000,0.000219968541956725,,,,pairingheap
par2d,,1,0,0,#000000,6.19751718668115E-05,,,,par2d
param,,1,0,0,#000000,0.000796744399077526,,,,param
paramdouble7,,1,0,0,#000000,0.0001021184727673,,,,paramdouble7
parameter,,1,0,0,#000000,0.00105873129718276,,,,parameter
parameters,,1,0,0,#000000,0.000388775807791076,,,,parameters
parametertype,,1,0,0,#000000,0.000167814381792838,,,,parametertype
params,,1,0,0,#000000,0.000395471202030159,,,,params
paramvector2d2,,1,0,0,#000000,9.63692855058966E-05,,,,paramvector2d2
parent,,1,0,0,#000000,0.000501266776566434,,,,parent
parse,,1,0,0,#000000,0.000186016904101402,,,,parse
parsers,,1,0,0,#000000,9.69408157715142E-05,,,,parsers
path,,1,0,0,#000000,0.00333445359834749,,,,path
pattern,,1,0,0,#000000,0.00053890452545859,,,,pattern
pause,,1,0,0,#000000,9.32627445576111E-05,,,,pause
pbits,,1,0,0,#000000,5.38132811756407E-05,,,,pbits
pearson,,1,0,0,#000000,0.000122139410441379,,,,pearson
peek,,1,0,0,#000000,8.95258494425499E-05,,,,peek
percentage,,1,0,0,#000000,0.000244961277715463,,,,percentage
pi,,1,0,0,#000000,0.00037181906453446,,,,pi
pinfo,,1,0,0,#000000,0.000377689896625498,,,,pinfo
pipeline,,1,0,0,#000000,0.00021411013470105,,,,pipeline
pipelinefile,,1,0,0,#000000,4.54786742720554E-05,,,,pipelinefile
pluginmethod,,1,0,0,#000000,4.10893169133427E-05,,,,pluginmethod
pm,,1,0,0,#000000,0.000121676175753138,,,,pm
pn,,1,0,0,#000000,0.000147685482512248,,,,pn
point,,1,0,0,#000000,0.00100256914795702,,,,point
point2d,,1,0,0,#000000,0.000233205329963193,,,,point2d
pointer,,1,0,0,#000000,0.000505594558542012,,,,pointer
pointf,,1,0,0,#000000,0.00061769691165906,,,,pointf
points,,1,0,0,#000000,0.000382519543388433,,,,points
popouttoken,,1,0,0,#000000,4.53170878191319E-05,,,,popouttoken
populatedata,,1,0,0,#000000,4.60170117051496E-05,,,,populatedata
port,,1,0,0,#000000,0.000417315299620337,,,,port
pos,,1,0,0,#000000,0.000392486418195084,,,,pos
pow,,1,0,0,#000000,0.000118620057257882,,,,pow
power,,1,0,0,#000000,9.95101846831161E-05,,,,power
ppf,,1,0,0,#000000,3.22626737297518E-05,,,,ppf
prefix,,1,0,0,#000000,0.000242908450281623,,,,prefix
preservesubdomain,,1,0,0,#000000,6.66317050044148E-05,,,,preservesubdomain
printexception,,1,0,0,#000000,0.000146431609064143,,,,printexception
prints,,1,0,0,#000000,8.43205851620706E-05,,,,prints
proc,,1,0,0,#000000,0.000344003880309373,,,,proc
process,,1,0,0,#000000,0.000544010967355461,,,,process
processinfo,,1,0,0,#000000,0.000159332884636678,,,,processinfo
product,,1,0,0,#000000,0.000100995832806816,,,,product
profileitemcollection,,1,0,0,#000000,0.000107701642820411,,,,profileitemcollection
profilesdata,,1,0,0,#000000,0.000114133542593186,,,,profilesdata
projectmember,,1,0,0,#000000,0.000110710126574159,,,,projectmember
projectnamespace,,1,0,0,#000000,0.000264427874980193,,,,projectnamespace
projecttype,,1,0,0,#000000,0.000165923300719865,,,,projecttype
prop,,1,0,0,#000000,0.000524402161769687,,,,prop
properties,,1,0,0,#000000,0.000434921774552905,,,,properties
property,,1,0,0,#000000,0.00380919106670992,,,,property
propertyget,,1,0,0,#000000,5.08987457711137E-05,,,,propertyget
propertyinfo,,1,0,0,#000000,0.000733318513331909,,,,propertyinfo
propertylist,,1,0,0,#000000,8.312299197443E-05,,,,propertylist
propertyname,,1,0,0,#000000,0.000292019042143836,,,,propertyname
propertytable,,1,0,0,#000000,0.000149038414085427,,,,propertytable
propertytype,,1,0,0,#000000,0.000186945871416733,,,,propertytype
propertyvalue,,1,0,0,#000000,0.000156162671458994,,,,propertyvalue
protocolcategory,,1,0,0,#000000,0.000137547815065897,,,,protocolcategory
ps1,,1,0,0,#000000,0.000197931230325706,,,,ps1
pt,,1,0,0,#000000,0.000529873170294916,,,,pt
ptr,,1,0,0,#000000,0.000235075876643669,,,,ptr
public,,1,0,0,#000000,0.0154296585983742,,,,public
putheight,,1,0,0,#000000,6.82425741635565E-05,,,,putheight
quadrantregions,,1,0,0,#000000,6.99091124070121E-05,,,,quadrantregions
query,,1,0,0,#000000,0.0005853692694617,,,,query
queue,,1,0,0,#000000,0.000338507598743848,,,,queue
radius,,1,0,0,#000000,0.000126382174721224,,,,radius
random,,1,0,0,#000000,0.000451615658158801,,,,random
range,,1,0,0,#000000,0.000662595395692025,,,,range
ranges,,1,0,0,#000000,9.19896511629043E-05,,,,ranges
rank,,1,0,0,#000000,0.000219337340448663,,,,rank
ranks,,1,0,0,#000000,0.000121104697917554,,,,ranks
raw,,1,0,0,#000000,0.000479735824473618,,,,raw
re0,,1,0,0,#000000,7.52242858839663E-05,,,,re0
read,,1,0,0,#000000,0.000528346750044775,,,,read
reader,,1,0,0,#000000,0.000427327069213084,,,,reader
readinternal,,1,0,0,#000000,4.84701727362878E-05,,,,readinternal
readkey,,1,0,0,#000000,6.61112006538979E-05,,,,readkey
readline,,1,0,0,#000000,0.000208910037618681,,,,readline
rect,,1,0,0,#000000,0.000712720181451236,,,,rect
rectangle,,1,0,0,#000000,0.000304073554409873,,,,rectangle
rectangle2d,,1,0,0,#000000,0.000393481931043291,,,,rectangle2d
rectanglef,,1,0,0,#000000,0.000226367559121281,,,,rectanglef
recursive,,1,0,0,#000000,3.4816369737354E-05,,,,recursive
reference,,1,0,0,#000000,0.000568719574277887,,,,reference
regex,,1,0,0,#000000,0.000457982947544898,,,,regex
regexicsng,,1,0,0,#000000,0.000642242024341861,,,,regexicsng
regexoptions,,1,0,0,#000000,0.00033985669234117,,,,regexoptions
region,,1,0,0,#000000,0.00183925021293022,,,,region
remove,,1,0,0,#000000,0.000569780744074273,,,,remove
removeat,,1,0,0,#000000,0.000196758421999475,,,,removeat
removehead,,1,0,0,#000000,6.14432314369679E-05,,,,removehead
removelast,,1,0,0,#000000,0.000106381058479647,,,,removelast
removetail,,1,0,0,#000000,6.65869171007134E-05,,,,removetail
replace,,1,0,0,#000000,0.00105120177950452,,,,replace
replaceas,,1,0,0,#000000,0.000137472159325298,,,,replaceas
reqparm,,1,0,0,#000000,5.30972204264313E-05,,,,reqparm
requeststream,,1,0,0,#000000,0.000174506797733705,,,,requeststream
res,,1,0,0,#000000,0.000711201202312734,,,,res
resource,,1,0,0,#000000,0.000177341875669528,,,,resource
resources,,1,0,0,#000000,0.000206254575648958,,,,resources
resourcessatellite,,1,0,0,#000000,6.93374766522647E-05,,,,resourcessatellite
result,,1,0,0,#000000,0.000989847415058965,,,,result
ret,,1,0,0,#000000,6.4959684523482E-05,,,,ret
return,,1,0,0,#000000,0.0179112609027868,,,,return
returntype,,1,0,0,#000000,0.000169819404943021,,,,returntype
reverse,,1,0,0,#000000,0.000295174174561416,,,,reverse
reversed,,1,0,0,#000000,0.000198615612945851,,,,reversed
rf,,1,0,0,#000000,5.41040613762063E-05,,,,rf
rgb,,1,0,0,#000000,0.000231425841357985,,,,rgb
rnd,,1,0,0,#000000,0.00019785320633751,,,,rnd
root,,1,0,0,#000000,0.000624558629181059,,,,root
round,,1,0,0,#000000,0.00015246083023898,,,,round
rsa,,1,0,0,#000000,4.75213694584904E-05,,,,rsa
rt,,1,0,0,#000000,3.5116837288998E-05,,,,rt
rtvl,,1,0,0,#000000,9.07773658449873E-05,,,,rtvl
running,,1,0,0,#000000,0.000260351437827153,,,,running
s1,,1,0,0,#000000,0.000516023828679388,,,,s1
s2,,1,0,0,#000000,0.000364837193307498,,,,s2
save,,1,0,0,#000000,0.000730373291131024,,,,save
savedefault,,1,0,0,#000000,3.37903628089765E-05,,,,savedefault
saveto,,1,0,0,#000000,0.000380959151326439,,,,saveto
savewrite,,1,0,0,#000000,5.05629405471317E-05,,,,savewrite
sb,,1,0,0,#000000,0.000670008741679653,,,,sb
sbr,,1,0,0,#000000,9.36315008491609E-05,,,,sbr
sbuilder,,1,0,0,#000000,0.000108479339990227,,,,sbuilder
sbyte,,1,0,0,#000000,0.000147453790602737,,,,sbyte
scan0,,1,0,0,#000000,0.00123859565124767,,,,scan0
schema,,1,0,0,#000000,0.000320093589590454,,,,schema
scopestack,,1,0,0,#000000,0.000110108201853485,,,,scopestack
score,,1,0,0,#000000,0.000154697808575827,,,,score
script,,1,0,0,#000000,0.000445067993861985,,,,script
scripting,,1,0,0,#000000,0.000438670432992729,,,,scripting
search,,1,0,0,#000000,0.000234534353935596,,,,search
searchimpl,,1,0,0,#000000,3.37903628089765E-05,,,,searchimpl
searchs,,1,0,0,#000000,4.36733196594392E-05,,,,searchs
seeds,,1,0,0,#000000,0.000208331172484971,,,,seeds
seekorigin,,1,0,0,#000000,9.40007170749091E-05,,,,seekorigin
segment,,1,0,0,#000000,0.000107237798354028,,,,segment
select,,1,0,0,#000000,0.00431696612701014,,,,select
seq,,1,0,0,#000000,0.000406733363093494,,,,seq
seqiterator,,1,0,0,#000000,0.000303702852508804,,,,seqiterator
sequence,,1,0,0,#000000,0.00038435103773823,,,,sequence
seqvalue,,1,0,0,#000000,0.000501729794533682,,,,seqvalue
set,,1,0,0,#000000,0.00213363478104042,,,,set
setmethod,,1,0,0,#000000,2.58779444508211E-05,,,,setmethod
settings,,1,0,0,#000000,0.000179063023832354,,,,settings
setvalue,,1,0,0,#000000,0.00040392027379198,,,,setvalue
setvaluextension,,1,0,0,#000000,4.73429270474103E-05,,,,setvaluextension
shell,,1,0,0,#000000,0.000163093780385398,,,,shell
short,,1,0,0,#000000,0.000402492659868202,,,,short
similarity,,1,0,0,#000000,0.000129190388957928,,,,similarity
single,,1,0,0,#000000,0.00117061977326701,,,,single
size,,1,0,0,#000000,0.00115156500506676,,,,size
sizef,,1,0,0,#000000,0.000193884271488185,,,,sizef
sizeof,,1,0,0,#000000,0.000114022575984981,,,,sizeof
sleep,,1,0,0,#000000,6.01147541676919E-05,,,,sleep
slice,,1,0,0,#000000,7.87368027057931E-05,,,,slice
solidbrush,,1,0,0,#000000,0.000107420483600924,,,,solidbrush
sortedlist,,1,0,0,#000000,7.37743761917467E-05,,,,sortedlist
source,,1,0,0,#000000,0.00519486206369506,,,,source
sourceparam,,1,0,0,#000000,7.36601210018475E-05,,,,sourceparam
span,,1,0,0,#000000,0.000246756754493984,,,,span
spcc,,1,0,0,#000000,0.000181997124122302,,,,spcc
split,,1,0,0,#000000,0.000794459090717248,,,,split
splitarray,,1,0,0,#000000,4.86490568680342E-05,,,,splitarray
splitout,,1,0,0,#000000,6.93474693367412E-05,,,,splitout
splitter,,1,0,0,#000000,4.23389797837217E-05,,,,splitter
sprintf,,1,0,0,#000000,8.22951544379549E-05,,,,sprintf
sqrt,,1,0,0,#000000,8.97723122534224E-05,,,,sqrt
src,,1,0,0,#000000,0.000536898611876535,,,,src
stack,,1,0,0,#000000,0.000307230095413304,,,,stack
stackframe,,1,0,0,#000000,0.000175067398461153,,,,stackframe
stacktrace,,1,0,0,#000000,0.000203755751778946,,,,stacktrace
standarddeviation,,1,0,0,#000000,4.62438366559736E-05,,,,standarddeviation
standarddeviationp,,1,0,0,#000000,7.63167592343715E-05,,,,standarddeviationp
start,,1,0,0,#000000,0.00109321504723308,,,,start
startswith,,1,0,0,#000000,0.00024968043377083,,,,startswith
state,,1,0,0,#000000,0.000257108608494895,,,,state
staticmethod,,1,0,0,#000000,6.1279002484647E-05,,,,staticmethod
std,,1,0,0,#000000,0.000263052356796339,,,,std
stdin,,1,0,0,#000000,0.000142667605945627,,,,stdin
stdnum,,1,0,0,#000000,0.00108241590548161,,,,stdnum
step,,1,0,0,#000000,0.000328322775828752,,,,step
str,,1,0,0,#000000,0.00187595724208017,,,,str
str1,,1,0,0,#000000,0.000103820629462281,,,,str1
stream,,1,0,0,#000000,0.00112816446992597,,,,stream
streamreader,,1,0,0,#000000,0.000243457528017841,,,,streamreader
streamwriter,,1,0,0,#000000,0.000337250204027994,,,,streamwriter
strict,,1,0,0,#000000,0.000368455880274721,,,,strict
string,,1,0,0,#000000,0.0169559283836901,,,,string
stringbuilder,,1,0,0,#000000,0.000865883453953702,,,,stringbuilder
stringcomparison,,1,0,0,#000000,0.00077600668197482,,,,stringcomparison
stringempty,,1,0,0,#000000,0.0011864316497761,,,,stringempty
stringemptypattern,,1,0,0,#000000,4.44268778462787E-05,,,,stringemptypattern
strings,,1,0,0,#000000,0.000558716174205006,,,,strings
stringset,,1,0,0,#000000,8.16593260871808E-05,,,,stringset
stringtosearch,,1,0,0,#000000,0.000102314677786761,,,,stringtosearch
stringvector,,1,0,0,#000000,0.000108279329989392,,,,stringvector
strpassphrase,,1,0,0,#000000,0.000126102605393338,,,,strpassphrase
subheaps,,1,0,0,#000000,0.000168973411303929,,,,subheaps
substring,,1,0,0,#000000,0.000456115889193935,,,,substring
success,,1,0,0,#000000,0.000379214475865097,,,,success
sum,,1,0,0,#000000,0.000424871605925942,,,,sum
swaphelper,,1,0,0,#000000,6.33928330392311E-05,,,,swaphelper
symbol,,1,0,0,#000000,0.000101287752306614,,,,symbol
symbolname,,1,0,0,#000000,0.000254388568598115,,,,symbolname
synclock,,1,0,0,#000000,0.00115902168818088,,,,synclock
sys,,1,0,0,#000000,0.000454090298940994,,,,sys
system,,1,0,0,#000000,0.00188397439170801,,,,system
systemp,,1,0,0,#000000,0.000101238553469339,,,,systemp
t2,,1,0,0,#000000,0.000143631645933759,,,,t2
tab,,1,0,0,#000000,5.41028482115241E-05,,,,tab
table,,1,0,0,#000000,0.00125029664166904,,,,table
tag,,1,0,0,#000000,0.000906687585843069,,,,tag
tangent,,1,0,0,#000000,8.67403020191558E-05,,,,tangent
target,,1,0,0,#000000,0.00109512750316139,,,,target
task,,1,0,0,#000000,0.000787850392232996,,,,task
tasks,,1,0,0,#000000,0.000238061244134813,,,,tasks
td,,1,0,0,#000000,0.000278957448109731,,,,td
tdelegate,,1,0,0,#000000,0.000373847538978605,,,,tdelegate
temp,,1,0,0,#000000,0.000357900702507917,,,,temp
term,,1,0,0,#000000,0.000398637440452859,,,,term
terms,,1,0,0,#000000,3.91183640510645E-05,,,,terms
teventargs,,1,0,0,#000000,0.000105905109464287,,,,teventargs
text,,1,0,0,#000000,0.00158475973856292,,,,text
textencoding,,1,0,0,#000000,0.000105396596139116,,,,textencoding
textequals,,1,0,0,#000000,0.000384882076585083,,,,textequals
textwriter,,1,0,0,#000000,0.000145960640578136,,,,textwriter
tfield,,1,0,0,#000000,0.000166964112952388,,,,tfield
threads,,1,0,0,#000000,0.000128889249110988,,,,threads
threshold,,1,0,0,#000000,0.000217032631012675,,,,threshold
throw,,1,0,0,#000000,0.00225005931621883,,,,throw
ticks,,1,0,0,#000000,0.000105521086285597,,,,ticks
time,,1,0,0,#000000,0.000424309070768907,,,,time
timeout,,1,0,0,#000000,0.000438243815276624,,,,timeout
timer,,1,0,0,#000000,0.000112900696202972,,,,timer
timespan,,1,0,0,#000000,0.000475073348265636,,,,timespan
tindex,,1,0,0,#000000,5.5263094312884E-05,,,,tindex
tindex2,,1,0,0,#000000,3.63476008603627E-05,,,,tindex2
tindex3,,1,0,0,#000000,3.04794959713956E-05,,,,tindex3
tmode,,1,0,0,#000000,3.79868234996947E-05,,,,tmode
tmp,,1,0,0,#000000,0.000680015783220682,,,,tmp
toarray,,1,0,0,#000000,0.00309042432015395,,,,toarray
tobase64string,,1,0,0,#000000,0.000121834983723216,,,,tobase64string
tobencodedstring,,1,0,0,#000000,9.84387145301275E-05,,,,tobencodedstring
todictionary,,1,0,0,#000000,0.000719104465060195,,,,todictionary
tohexstring,,1,0,0,#000000,4.77470755451162E-05,,,,tohexstring
token,,1,0,0,#000000,0.000596839485205083,,,,token
tokens,,1,0,0,#000000,0.00111085123584483,,,,tokens
tolerance,,1,0,0,#000000,0.000166192967673952,,,,tolerance
tolocaltime,,1,0,0,#000000,6.43506020274524E-05,,,,tolocaltime
tolong,,1,0,0,#000000,6.52781296805512E-05,,,,tolong
tolower,,1,0,0,#000000,0.000950987706220799,,,,tolower
top,,1,0,0,#000000,0.000333155135632091,,,,top
tostring,,1,0,0,#000000,0.00255792244029071,,,,tostring
total,,1,0,0,#000000,0.00016084405631137,,,,total
touint32,,1,0,0,#000000,5.20142314322879E-05,,,,touint32
touint64,,1,0,0,#000000,5.20142314322879E-05,,,,touint64
toupper,,1,0,0,#000000,0.000138509670909875,,,,toupper
tout,,1,0,0,#000000,0.000509717817951221,,,,tout
tproperty,,1,0,0,#000000,0.000232756840726194,,,,tproperty
trace,,1,0,0,#000000,0.000310835432565547,,,,trace
tree,,1,0,0,#000000,0.000647164009534851,,,,tree
trim,,1,0,0,#000000,0.000834269667141571,,,,trim
true,,1,0,0,#000000,0.0032598919581639,,,,true
trycast,,1,0,0,#000000,0.000209186467455805,,,,trycast
trygetvalue,,1,0,0,#000000,0.000227414602351486,,,,trygetvalue
tryinvoke,,1,0,0,#000000,4.85532839368018E-05,,,,tryinvoke
tsource,,1,0,0,#000000,0.000500895580327093,,,,tsource
tstr,,1,0,0,#000000,5.31457078055564E-05,,,,tstr
tuple,,1,0,0,#000000,0.000479634998174184,,,,tuple
tuples,,1,0,0,#000000,7.25800127609551E-05,,,,tuples
tvalue,,1,0,0,#000000,0.000152226306898136,,,,tvalue
type,,1,0,0,#000000,0.0051497756738258,,,,type
typecache,,1,0,0,#000000,9.87030755096847E-05,,,,typecache
typecode,,1,0,0,#000000,0.000276941401104114,,,,typecode
typename,,1,0,0,#000000,0.000167452844237156,,,,typename
typeof,,1,0,0,#000000,0.000193256871945331,,,,typeof
typeparameters,,1,0,0,#000000,0.000184489782093565,,,,typeparameters
types,,1,0,0,#000000,0.000385844392027743,,,,types
typeschema,,1,0,0,#000000,0.000115301733197175,,,,typeschema
uid,,1,0,0,#000000,0.000350946878794889,,,,uid
uint16,,1,0,0,#000000,4.63321590195438E-05,,,,uint16
uint32,,1,0,0,#000000,6.19529351436249E-05,,,,uint32
uint64,,1,0,0,#000000,3.77462394102488E-05,,,,uint64
uncprefix,,1,0,0,#000000,6.01541741357369E-05,,,,uncprefix
undefined,,1,0,0,#000000,9.05227934644423E-05,,,,undefined
unescapeinternal,,1,0,0,#000000,3.37903628089765E-05,,,,unescapeinternal
uniqueid,,1,0,0,#000000,8.9371038750745E-05,,,,uniqueid
uniquekey,,1,0,0,#000000,4.8956503204628E-05,,,,uniquekey
unit,,1,0,0,#000000,0.000193252720662111,,,,unit
unittag,,1,0,0,#000000,9.29718707638257E-05,,,,unittag
unitvalue,,1,0,0,#000000,8.90669554798974E-05,,,,unitvalue
unix,,1,0,0,#000000,0.000193724503353065,,,,unix
unmanagedmemorystream,,1,0,0,#000000,4.82615105523949E-05,,,,unmanagedmemorystream
upbound,,1,0,0,#000000,0.000112025174528835,,,,upbound
updates,,1,0,0,#000000,7.9455655872809E-05,,,,updates
uri,,1,0,0,#000000,0.000333091202752268,,,,uri
url,,1,0,0,#000000,0.00162573466573845,,,,url
usage,,1,0,0,#000000,0.00044069769481735,,,,usage
utf8,,1,0,0,#000000,0.000148865404500736,,,,utf8
utf8withoutbom,,1,0,0,#000000,0.000113861175066739,,,,utf8withoutbom
uv,,1,0,0,#000000,5.26770128781988E-05,,,,uv
val,,1,0,0,#000000,0.000744224735035074,,,,val
valueparam,,1,0,0,#000000,0.000135965173384627,,,,valueparam
values,,1,0,0,#000000,0.000846803762437346,,,,values
var,,1,0,0,#000000,0.000301210482960958,,,,var
variance,,1,0,0,#000000,8.0690389667903E-05,,,,variance
variancep,,1,0,0,#000000,6.33522196181109E-05,,,,variancep
variant,,1,0,0,#000000,0.000146158171612062,,,,variant
vbcrlf,,1,0,0,#000000,0.000437319014121606,,,,vbcrlf
vector,,1,0,0,#000000,0.000918254780038157,,,,vector
vector2d,,1,0,0,#000000,0.000262243097486015,,,,vector2d
vectorshadows,,1,0,0,#000000,0.000124646087614926,,,,vectorshadows
version,,1,0,0,#000000,0.000714518076188768,,,,version
view,,1,0,0,#000000,0.000163382013159586,,,,view
views,,1,0,0,#000000,0.000196918840195485,,,,views
visitobject,,1,0,0,#000000,5.89186025794241E-05,,,,visitobject
visualbasicappexception,,1,0,0,#000000,8.17584650263879E-05,,,,visualbasicappexception
void,,1,0,0,#000000,6.29848900657749E-05,,,,void
waitforexit,,1,0,0,#000000,0.000215665607507443,,,,waitforexit
waitoutput,,1,0,0,#000000,0.000101988702194227,,,,waitoutput
warning,,1,0,0,#000000,0.000582352849049494,,,,warning
webresponseresult,,1,0,0,#000000,0.000106868150317927,,,,webresponseresult
width,,1,0,0,#000000,0.000898604375128281,,,,width
wildcard,,1,0,0,#000000,0.000123900359532467,,,,wildcard
wildcardmatch,,1,0,0,#000000,5.63783056894342E-05,,,,wildcardmatch
windows,,1,0,0,#000000,0.000141596576017186,,,,windows
wrapangle,,1,0,0,#000000,3.83589641420478E-05,,,,wrapangle
write,,1,0,0,#000000,0.000680807164077192,,,,write
writeline,,1,0,0,#000000,0.000410422288568708,,,,writeline
writer,,1,0,0,#000000,0.000217846210854285,,,,writer
x1,,1,0,0,#000000,0.000508475029696949,,,,x1
xelement,,1,0,0,#000000,0.000180133781159071,,,,xelement
xml,,1,0,0,#000000,0.000857434506763375,,,,xml
xmlcomment,,1,0,0,#000000,8.81561383698721E-05,,,,xmlcomment
xmldoc,,1,0,0,#000000,0.00019738153355079,,,,xmldoc
xmldocument,,1,0,0,#000000,0.000123668921699317,,,,xmldocument
xmlencodings,,1,0,0,#000000,0.000115115896477084,,,,xmlencodings
xmlns,,1,0,0,#000000,0.000381810247509868,,,,xmlns
xmlserializer,,1,0,0,#000000,9.48900966053927E-05,,,,xmlserializer
xor,,1,0,0,#000000,0.000193831082406261,,,,xor
y1,,1,0,0,#000000,0.000297911341920748,,,,y1
yy,,1,0,0,#000000,6.82049941242569E-05,,,,yy
zeroispositive,,1,0,0,#000000,3.68075359295092E-05,,,,zeroispositive
