{
  "graphMsg.dll": "d8099b321b4c6ddf680d63678ff51bfd",
  "graphQL.dll": "c7a6a22e827ceca1c55626c6a6f031d7",
  "graphR.dll": "f74b08b21dfa5c13bf84d9750a0bc649",
  "Microsoft.VisualBasic.Data.BinaryData.dll": "3f623c338e7440d3c63ec044dc059565",
  "Microsoft.VisualBasic.Data.GraphTheory.dll": "f78736a4ffdbd45535dccd7a3a6778f8",
  "Microsoft.VisualBasic.Data.IO.MessagePack.dll": "bed216a2d9450cde8fbc0dbee79d4b4f",
  "Microsoft.VisualBasic.Math.Core.dll": "69f7b0d9229ff24f7982a7e54e73df25"
}
