{
  "AssemblyCompany": "sciBASIC.NET",
  "AssemblyCopyright": "GPL3",
  "AssemblyDescription": "The core runtime module of sciBASIC# scientific computing project.",
  "AssemblyFileVersion": "",
  "AssemblyFullName": "Microsoft.VisualBasic.Runtime, Version=5.33.8100.31306, Culture=neutral, PublicKeyToken=null",
  "AssemblyInformationalVersion": "5.0.1.2389",
  "AssemblyProduct": "Microsoft.VisualBasic.Runtime",
  "AssemblyTitle": "Microsoft.VisualBasic.Runtime",
  "AssemblyTrademark": "",
  "AssemblyVersion": "5.33.8100.31306",
  "BuiltTime": "\/Date(1646558612000+0800)\/",
  "ComVisible": false,
  "Guid": "",
  "Name": "Microsoft.VisualBasic.Runtime",
  "TargetFramework": ".NETCoreApp,Version=v5.0"
}
