{
  "AssemblyCompany": "SMRUCC",
  "AssemblyCopyright": "GPL3",
  "AssemblyDescription": "R# language runtime and script interpreter",
  "AssemblyFileVersion": "",
  "AssemblyFullName": "REnv, Version=2.33.8100.31308, Culture=neutral, PublicKeyToken=null",
  "AssemblyInformationalVersion": "5.1.3.5558",
  "AssemblyProduct": "REnv",
  "AssemblyTitle": "REnv",
  "AssemblyTrademark": "",
  "AssemblyVersion": "2.33.8100.31308",
  "BuiltTime": "\/Date(1646558616000+0800)\/",
  "ComVisible": false,
  "Guid": "",
  "Name": "REnv",
  "TargetFramework": ".NETCoreApp,Version=v5.0"
}
